Time (s),FORCE_COEFFICIENT_CD,FORCE_COEFFICIENT_CL,FORCE_COEFFICIENT_CLF,FORCE_COEFFICIENT_CLR,FORCE_COEFFICIENT_CM
"                   1",1.129759655935e+00,2.121522768923e-02,-9.248780689552e-03,3.046400837879e-02,-1.985639453417e-02
"                   2",3.969291490150e+00,2.438574252202e-02,-1.408469746746e-02,3.847043998948e-02,-2.627756872847e-02
"                   3",4.009231737222e+00,-3.903374297565e-02,2.162517791193e-02,-6.065892088758e-02,4.114204939976e-02
"                   4",3.595690584390e-01,-3.365165446414e-02,1.787410125626e-02,-5.152575572040e-02,3.469992848833e-02
"                   5",-2.012434135334e+00,-8.735022074724e-03,2.948998528663e-03,-1.168402060339e-02,7.316509566026e-03
"                   6",-1.351262515622e+00,1.825591650127e-02,-1.039382660012e-02,2.864974310139e-02,-1.952178485076e-02
"                   7",8.190006543526e-01,4.286680079443e-02,-2.085830664364e-02,6.372510743807e-02,-4.229170704086e-02
"                   8",1.793960027923e+00,4.397589332824e-02,-2.161860417408e-02,6.559449750232e-02,-4.360655083820e-02
"                   9",1.155899008723e+00,2.392302170841e-02,-1.331064900471e-02,3.723367071312e-02,-2.527215985891e-02
"                  10",1.340645371917e-01,1.100379706775e-03,-3.550180270331e-03,4.650559977106e-03,-4.100370123719e-03
"                  11",-1.598513186128e-01,-1.094495946361e-02,2.716914031568e-03,-1.366187349518e-02,8.189393763374e-03
"                  12",2.904266299393e-01,-1.098385130248e-02,4.339195219846e-03,-1.532304652233e-02,9.831120871087e-03
"                  13",7.552861387764e-01,-5.119470838142e-03,2.351103013220e-03,-7.470573851363e-03,4.910838432291e-03
"                  14",7.510769276619e-01,6.759373249134e-04,-1.162367066685e-03,1.838304391599e-03,-1.500335729142e-03
"                  15",4.417464125535e-01,-1.198733929847e-03,-1.643328805789e-03,4.445948759417e-04,-1.043961840865e-03
"                  16",2.496931158175e-01,-8.572505655260e-03,1.166598505040e-03,-9.739104160300e-03,5.452851332670e-03
"                  17",3.389408665556e-01,-1.399894128132e-02,4.252771485077e-03,-1.825171276640e-02,1.125224212574e-02
"                  18",5.462485309215e-01,-1.321283596305e-02,4.998186566776e-03,-1.821102252983e-02,1.160460454830e-02
"                  19",6.284102895903e-01,-8.865473587181e-03,3.358089829079e-03,-1.222356341626e-02,7.790826622669e-03
"                  20",5.314163930516e-01,-6.272025171987e-03,1.487033224063e-03,-7.759058396050e-03,4.623045810057e-03
"                  21",4.007571227373e-01,-7.855979024869e-03,1.352677497208e-03,-9.208656522077e-03,5.280667009643e-03
"                  22",3.847698612160e-01,-1.029737108179e-02,2.473324175309e-03,-1.277069525710e-02,7.622009716202e-03
"                  23",4.825720841367e-01,-1.146229513018e-02,3.835843683068e-03,-1.529813881325e-02,9.566991248160e-03
"                  24",5.771012509087e-01,-1.098994531743e-02,4.593837724430e-03,-1.558378304186e-02,1.008881038314e-02
"                  25",5.752516235848e-01,-1.012214305563e-02,4.702363983181e-03,-1.482450703881e-02,9.763435510994e-03
"                  26",4.911918063097e-01,-1.038248978441e-02,4.664703928117e-03,-1.504719371253e-02,9.855948820321e-03
"                  27",4.208165874712e-01,-1.122388295481e-02,4.687422228462e-03,-1.591130518327e-02,1.029936370587e-02
"                  28",4.344489464712e-01,-1.060247514365e-02,4.427977036821e-03,-1.503045218048e-02,9.729214608648e-03
"                  29",5.161468104428e-01,-8.613846597633e-03,3.948887571105e-03,-1.256273416874e-02,8.255810869921e-03
"                  30",5.888936614440e-01,-6.599835734042e-03,3.491247705899e-03,-1.009108343994e-02,6.791165572920e-03
"                  31",5.894562777031e-01,-5.510538546603e-03,3.192837330900e-03,-8.703375877503e-03,5.948106604202e-03
"                  32",5.214335971577e-01,-5.461236486490e-03,3.029460014573e-03,-8.490696501064e-03,5.760078257818e-03
"                  33",4.492063368821e-01,-5.590304670389e-03,2.888934424851e-03,-8.479239095240e-03,5.684086760046e-03
"                  34",4.369455451585e-01,-4.894270222920e-03,2.595320130027e-03,-7.489590352947e-03,5.042455241487e-03
"                  35",4.936212881834e-01,-3.249852226840e-03,2.125092259430e-03,-5.374944486270e-03,3.750018372850e-03
"                  36",5.713422223434e-01,-1.757658923734e-03,1.743873821328e-03,-3.501532745061e-03,2.622703283194e-03
"                  37",6.102531276365e-01,-1.405493170937e-03,1.654525576912e-03,-3.060018747849e-03,2.357272162381e-03
"                  38",5.888884131329e-01,-1.972482106650e-03,1.699561346588e-03,-3.672043453238e-03,2.685802399913e-03
"                  39",5.357096097162e-01,-2.473161963613e-03,1.617172988063e-03,-4.090334951676e-03,2.853753969869e-03
"                  40",5.012820020559e-01,-1.705362738129e-03,1.172968680844e-03,-2.878331418973e-03,2.025650049909e-03
"                  41",5.146737731097e-01,3.629105014607e-04,4.609426077960e-04,-9.803210633537e-05,2.794873570657e-04
"                  42",5.640883332843e-01,2.710307287878e-03,-2.174126178391e-04,2.927719905717e-03,-1.572566261778e-03
"                  43",6.130625910022e-01,4.188727419316e-03,-5.781400319469e-04,4.766867451263e-03,-2.672503741605e-03
"                  44",6.324220309805e-01,4.291032277928e-03,-5.733557180479e-04,4.864387995976e-03,-2.718871857012e-03
"                  45",6.212755618068e-01,3.702285586830e-03,-5.092787645480e-04,4.211564351378e-03,-2.360421557963e-03
"                  46",6.005001948274e-01,3.513391820215e-03,-7.214434744024e-04,4.234835294618e-03,-2.478139384510e-03
"                  47",5.918175238222e-01,4.286797267544e-03,-1.272525362886e-03,5.559322630430e-03,-3.415923996658e-03
"                  48",6.027191753868e-01,5.769674394353e-03,-1.952206535661e-03,7.721880930014e-03,-4.837043732838e-03
"                  49",6.250457252368e-01,7.266858727562e-03,-2.492204023079e-03,9.759062750641e-03,-6.125633386860e-03
"                  50",6.449474306017e-01,8.096342213268e-03,-2.713542264783e-03,1.080988447805e-02,-6.761713371417e-03
"                  51",6.539666578534e-01,8.062596877481e-03,-2.647799022909e-03,1.071039590039e-02,-6.679097461649e-03
"                  52",6.526642524492e-01,7.494189903303e-03,-2.467382470819e-03,9.961572374122e-03,-6.214477422471e-03
"                  53",6.487427005186e-01,6.903962188803e-03,-2.350328672530e-03,9.254290861332e-03,-5.802309766931e-03
"                  54",6.505720371494e-01,6.484428029206e-03,-2.287023912484e-03,8.771451941690e-03,-5.529237927087e-03
"                  55",6.599772621909e-01,6.070355909786e-03,-2.152191596061e-03,8.222547505847e-03,-5.187369550954e-03
"                  56",6.709635610726e-01,5.455565387961e-03,-1.858502416663e-03,7.314067804624e-03,-4.586285110643e-03
"                  57",6.783799576711e-01,4.602675298044e-03,-1.437705687021e-03,6.040380985065e-03,-3.739043336043e-03
"                  58",6.827716755657e-01,3.693266282388e-03,-1.011239751327e-03,4.704506033715e-03,-2.857872892521e-03
"                  59",6.865638702317e-01,2.991213143660e-03,-7.185459807862e-04,3.709759124446e-03,-2.214152552616e-03
"                  60",6.911483097270e-01,2.606504384480e-03,-5.821393079432e-04,3.188643692423e-03,-1.885391500183e-03
"                  61",6.959585800913e-01,2.564787793065e-03,-5.981046733435e-04,3.162892466409e-03,-1.880498569876e-03
"                  62",7.008088013374e-01,2.718360035588e-03,-6.802332534669e-04,3.398593289055e-03,-2.039413271261e-03
"                  63",7.047371581981e-01,2.811324611396e-03,-7.179377598750e-04,3.529262371271e-03,-2.123600065573e-03
"                  64",7.072424201809e-01,2.686647429915e-03,-6.576136853620e-04,3.344261115277e-03,-2.000937400320e-03
"                  65",7.081604931431e-01,2.408624344790e-03,-5.498307408385e-04,2.958455085629e-03,-1.754142913234e-03
"                  66",7.080302583846e-01,2.118701266322e-03,-4.601402298682e-04,2.578841496190e-03,-1.519490863029e-03
"                  67",7.074245830225e-01,1.904501144120e-03,-4.268030128264e-04,2.331304156946e-03,-1.379053584886e-03
"                  68",7.060574005857e-01,1.700639215582e-03,-4.065202373088e-04,2.107159452891e-03,-1.256839845100e-03
"                  69",7.036287440748e-01,1.462916003451e-03,-3.617822436494e-04,1.824698247100e-03,-1.093240245375e-03
"                  70",6.994381990461e-01,1.127218896053e-03,-2.456728421517e-04,1.372891738205e-03,-8.092822901783e-04
"                  71",6.926137405661e-01,7.121873881879e-04,-7.172639708681e-05,7.839137852747e-04,-4.278200911808e-04
"                  72",6.840495683857e-01,2.998021791718e-04,1.243363251689e-04,1.754658540030e-04,-2.556476441705e-05
"                  73",6.749617387711e-01,4.939028207671e-05,2.551272234060e-04,-2.057369413293e-04,2.304320823676e-04
"                  74",6.670632324060e-01,9.185274012053e-05,2.677997724176e-04,-1.759470322971e-04,2.218734023573e-04
"                  75",6.606080552851e-01,3.873818489652e-04,1.592779506409e-04,2.281038983243e-04,-3.441297384172e-05
"                  76",6.557259448089e-01,7.815901437395e-04,-4.767170722340e-07,7.820668608117e-04,-3.912717889420e-04
"                  77",6.522893779894e-01,1.189364086286e-03,-1.764091664179e-04,1.365773252704e-03,-7.710912095608e-04
"                  78",6.501663292199e-01,1.584316306731e-03,-3.334557522381e-04,1.917772058969e-03,-1.125613905603e-03
"                  79",6.492284968132e-01,1.969612819681e-03,-4.717528138640e-04,2.441365633545e-03,-1.456559223705e-03
"                  80",6.493780915512e-01,2.332673460973e-03,-5.786722290170e-04,2.911345689990e-03,-1.745008959503e-03
"                  81",6.506168449255e-01,2.667534069085e-03,-6.695947836773e-04,3.337128852762e-03,-2.003361818220e-03
"                  82",6.531686798090e-01,2.943322167227e-03,-7.356003294676e-04,3.678922496695e-03,-2.207261413081e-03
"                  83",6.563845861402e-01,3.164597903380e-03,-7.893813867554e-04,3.953979290136e-03,-2.371680338446e-03
"                  84",6.587060634204e-01,3.311913282881e-03,-8.137643075045e-04,4.125677590385e-03,-2.469720948945e-03
"                  85",6.593484247589e-01,3.374265622502e-03,-8.111176915758e-04,4.185383314078e-03,-2.498250502827e-03
"                  86",6.580282721520e-01,3.313018193398e-03,-7.754149570848e-04,4.088433150483e-03,-2.431924053784e-03
"                  87",6.551154977147e-01,3.162012001967e-03,-7.465782344299e-04,3.908590236397e-03,-2.327584235414e-03
"                  88",6.522957649870e-01,2.969226416868e-03,-7.159841835879e-04,3.685210600456e-03,-2.200597392022e-03
"                  89",6.500092387335e-01,2.801102005923e-03,-6.828818892641e-04,3.483983895187e-03,-2.083432892226e-03
"                  90",6.485287367299e-01,2.681383069315e-03,-6.423713385000e-04,3.323754407815e-03,-1.983062873157e-03
"                  91",6.472831271461e-01,2.578416156838e-03,-6.011705143285e-04,3.179586671166e-03,-1.890378592747e-03
"                  92",6.449198085333e-01,2.435464930725e-03,-5.490351837081e-04,2.984500114433e-03,-1.766767649071e-03
"                  93",6.407418367767e-01,2.247803281378e-03,-4.929070396542e-04,2.740710321032e-03,-1.616808680343e-03
"                  94",6.354831517543e-01,2.036184884876e-03,-4.335586412706e-04,2.469743526146e-03,-1.451651083709e-03
"                  95",6.298002748462e-01,1.818380626059e-03,-3.739983765492e-04,2.192379002609e-03,-1.283188689579e-03
"                  96",6.244148056935e-01,1.650225848895e-03,-3.223126997300e-04,1.972538548625e-03,-1.147425624177e-03
"                  97",6.206293350890e-01,1.538831610749e-03,-2.798446889956e-04,1.818676299744e-03,-1.049260494370e-03
"                  98",6.196278817814e-01,1.516011728432e-03,-2.557182788416e-04,1.771730007274e-03,-1.013724143058e-03
"                  99",6.213966093447e-01,1.559331747445e-03,-2.458697396360e-04,1.805201487081e-03,-1.025535613358e-03
"                 100",6.245880153626e-01,1.622658560923e-03,-2.277905981185e-04,1.850449159041e-03,-1.039119878580e-03
"                 101",6.272151014162e-01,1.682912768328e-03,-2.010808889877e-04,1.883993657316e-03,-1.042537273152e-03
"                 102",6.287119406998e-01,1.771424375100e-03,-1.769184596708e-04,1.948342834771e-03,-1.062630647221e-03
"                 103",6.295180552004e-01,1.905410274760e-03,-1.699681502814e-04,2.075378425042e-03,-1.122673287662e-03
"                 104",6.307864382689e-01,2.086277507293e-03,-1.777067340411e-04,2.263984241334e-03,-1.220845487688e-03
"                 105",6.330431299973e-01,2.315765027843e-03,-2.135873151526e-04,2.529352342996e-03,-1.371469829074e-03
"                 106",6.356232466984e-01,2.567634174922e-03,-2.602637193613e-04,2.827897894283e-03,-1.544080806822e-03
"                 107",6.374079913410e-01,2.821799056599e-03,-3.178772665085e-04,3.139676323108e-03,-1.728776794808e-03
"                 108",6.382999222761e-01,3.060006867303e-03,-3.680736853459e-04,3.428080552649e-03,-1.898077118997e-03
"                 109",6.388946732510e-01,3.289041738726e-03,-4.280716653042e-04,3.717113404030e-03,-2.072592534667e-03
"                 110",6.395095288516e-01,3.541035802778e-03,-5.058411835455e-04,4.046876986323e-03,-2.276359084934e-03
"                 111",6.400763612780e-01,3.805207274576e-03,-6.026658269317e-04,4.407873101507e-03,-2.505269464220e-03
"                 112",6.402701448723e-01,4.061985680523e-03,-6.927494247671e-04,4.754735105290e-03,-2.723742265029e-03
"                 113",6.394957615947e-01,4.271963074086e-03,-7.674175248411e-04,5.039380598928e-03,-2.903399061884e-03
"                 114",6.378438061357e-01,4.396326825273e-03,-8.052149583142e-04,5.201541783587e-03,-3.003378370951e-03
"                 115",6.357966371313e-01,4.450311851212e-03,-8.232846722696e-04,5.273596523482e-03,-3.048440597876e-03
"                 116",6.346823875689e-01,4.506652596481e-03,-8.399011184591e-04,5.346553714940e-03,-3.093227416700e-03
"                 117",6.355539941671e-01,4.597198356564e-03,-8.749070385954e-04,5.472105395160e-03,-3.173506216877e-03
"                 118",6.379148593014e-01,4.711121303360e-03,-9.145836079516e-04,5.625704911312e-03,-3.270144259632e-03
"                 119",6.404267031636e-01,4.808314661015e-03,-9.551970002509e-04,5.763511661266e-03,-3.359354330758e-03
"                 120",6.419091511666e-01,4.873845854356e-03,-9.849277921635e-04,5.858773646519e-03,-3.421850719341e-03
"                 121",6.423638764760e-01,4.912976272375e-03,-1.013564176941e-03,5.926540449315e-03,-3.470052313128e-03
"                 122",6.426577979981e-01,4.953375727779e-03,-1.045016548798e-03,5.998392276578e-03,-3.521704412688e-03
"                 123",6.434654333073e-01,4.991624442855e-03,-1.083492692495e-03,6.075117135350e-03,-3.579304913923e-03
"                 124",6.446632766005e-01,5.028579049644e-03,-1.121371388934e-03,6.149950438578e-03,-3.635660913756e-03
"                 125",6.452935262906e-01,5.050795738455e-03,-1.158756717076e-03,6.209552455531e-03,-3.684154586304e-03
"                 126",6.446079191501e-01,5.062479563628e-03,-1.194037105705e-03,6.256516669333e-03,-3.725276887519e-03
"                 127",6.427710917755e-01,5.060391650023e-03,-1.237058977725e-03,6.297450627747e-03,-3.767254802736e-03
"                 128",6.410911374572e-01,5.022277643779e-03,-1.266516749509e-03,6.288794393288e-03,-3.777655571398e-03
"                 129",6.406539332256e-01,4.946236870648e-03,-1.286960221216e-03,6.233197091864e-03,-3.760078656540e-03
"                 130",6.408879919421e-01,4.809702829447e-03,-1.281453551688e-03,6.091156381135e-03,-3.686304966411e-03
"                 131",6.404705857650e-01,4.631624351774e-03,-1.268838855416e-03,5.900463207190e-03,-3.584651031303e-03
"                 132",6.384244911439e-01,4.447453910836e-03,-1.248389954578e-03,5.695843865414e-03,-3.472116909996e-03
"                 133",6.348509797846e-01,4.289028073777e-03,-1.236277909073e-03,5.525305982850e-03,-3.380791945962e-03
"                 134",6.308815783003e-01,4.139398299993e-03,-1.216316062701e-03,5.355714362694e-03,-3.286015212697e-03
"                 135",6.271653991951e-01,4.007982860698e-03,-1.207077428326e-03,5.215060289024e-03,-3.211068858675e-03
"                 136",6.243249640011e-01,3.901828706728e-03,-1.204725423126e-03,5.106554129854e-03,-3.155639776490e-03
"                 137",6.226820037206e-01,3.832314022828e-03,-1.220648529061e-03,5.052962551889e-03,-3.136805540475e-03
"                 138",6.224258518920e-01,3.781131649305e-03,-1.228217548440e-03,5.009349197745e-03,-3.118783373092e-03
"                 139",6.231089027004e-01,3.728330346707e-03,-1.220719611089e-03,4.949049957796e-03,-3.084884784443e-03
"                 140",6.238983859747e-01,3.663857197905e-03,-1.185026660174e-03,4.848883858078e-03,-3.016955259126e-03
"                 141",6.242468787191e-01,3.613265242875e-03,-1.146200474203e-03,4.759465717079e-03,-2.952833095641e-03
"                 142",6.240975318375e-01,3.594541448248e-03,-1.110094812681e-03,4.704636260929e-03,-2.907365536805e-03
"                 143",6.239231713334e-01,3.602973812229e-03,-1.087552427733e-03,4.690526239962e-03,-2.889039333848e-03
"                 144",6.241695809525e-01,3.617906020400e-03,-1.062162803618e-03,4.680068824017e-03,-2.871115813818e-03
"                 145",6.250157857713e-01,3.609159577480e-03,-1.027889828276e-03,4.637049405756e-03,-2.832469617016e-03
"                 146",6.259120044148e-01,3.586494338497e-03,-9.821191004621e-04,4.568613438960e-03,-2.775366269711e-03
"                 147",6.266039832809e-01,3.576920402138e-03,-9.464709817056e-04,4.523391383843e-03,-2.734931182774e-03
"                 148",6.272273339909e-01,3.592067393974e-03,-9.199416446565e-04,4.512009038631e-03,-2.715975341644e-03
"                 149",6.279452623831e-01,3.616794212864e-03,-9.048781034286e-04,4.521672316293e-03,-2.713275209861e-03
"                 150",6.286836336331e-01,3.629532817439e-03,-8.795272178715e-04,4.509060035311e-03,-2.694293626591e-03
"                 151",6.289722259729e-01,3.603658493785e-03,-8.389793026107e-04,4.442637796396e-03,-2.640808549503e-03
"                 152",6.286455916329e-01,3.554385607938e-03,-7.829207603476e-04,4.337306368285e-03,-2.560113564316e-03
"                 153",6.278418390700e-01,3.504978616891e-03,-7.288172550274e-04,4.233795871918e-03,-2.481306563473e-03
"                 154",6.269954842754e-01,3.490410861213e-03,-6.841615519210e-04,4.174572413134e-03,-2.429366982527e-03
"                 155",6.270172165807e-01,3.506289994254e-03,-6.539099603174e-04,4.160199954572e-03,-2.407054957445e-03
"                 156",6.281635465646e-01,3.551469531711e-03,-6.316937371491e-04,4.183163268860e-03,-2.407428503004e-03
"                 157",6.297039368215e-01,3.589956551096e-03,-6.122673612729e-04,4.202223912369e-03,-2.407245636821e-03
"                 158",6.307604841492e-01,3.618825996302e-03,-5.909675452840e-04,4.209793541586e-03,-2.400380543435e-03
"                 159",6.310158278914e-01,3.622274806325e-03,-5.705428465815e-04,4.192817652906e-03,-2.381680249744e-03
"                 160",6.307395373087e-01,3.612408570927e-03,-5.500179697199e-04,4.162426540647e-03,-2.356222255183e-03
"                 161",6.301773422924e-01,3.591430821207e-03,-5.376310491938e-04,4.129061870401e-03,-2.333346459797e-03
"                 162",6.295743783585e-01,3.564284245175e-03,-5.286576580068e-04,4.092941903182e-03,-2.310799780594e-03
"                 163",6.289672798052e-01,3.533278479704e-03,-5.317861352053e-04,4.065064614909e-03,-2.298425375057e-03
"                 164",6.282928593929e-01,3.509071404409e-03,-5.414774926480e-04,4.050548897057e-03,-2.296013194853e-03
"                 165",6.275377877273e-01,3.484040014022e-03,-5.632134160788e-04,4.047253430101e-03,-2.305233423090e-03
"                 166",6.267684200858e-01,3.442107867533e-03,-5.834798811045e-04,4.025587748638e-03,-2.304533814871e-03
"                 167",6.260309504363e-01,3.393758825609e-03,-6.119059224338e-04,4.005664748043e-03,-2.308785335239e-03
"                 168",6.252810416384e-01,3.342693005702e-03,-6.382411702334e-04,3.980934175936e-03,-2.309587673085e-03
"                 169",6.243536783552e-01,3.281768841581e-03,-6.628483348595e-04,3.944617176440e-03,-2.303732755650e-03
"                 170",6.230840945256e-01,3.215097310695e-03,-6.755811923018e-04,3.890678502997e-03,-2.283129847649e-03
"                 171",6.213613062377e-01,3.154113176442e-03,-6.871300922424e-04,3.841243268685e-03,-2.264186680464e-03
"                 172",6.192478900551e-01,3.098548434561e-03,-6.893902783313e-04,3.787938712892e-03,-2.238664495612e-03
"                 173",6.167849918822e-01,3.051126582343e-03,-6.943082770704e-04,3.745434859414e-03,-2.219871568242e-03
"                 174",6.143278388381e-01,3.027997841910e-03,-7.011650012281e-04,3.729162843139e-03,-2.215163922183e-03
"                 175",6.124155292226e-01,3.031088316613e-03,-7.188963078104e-04,3.749984624423e-03,-2.234440466117e-03
"                 176",6.113992636898e-01,3.054076881058e-03,-7.350539534167e-04,3.789130834475e-03,-2.262092393946e-03
"                 177",6.109955111783e-01,3.079201582107e-03,-7.500597185912e-04,3.829261300698e-03,-2.289660509645e-03
"                 178",6.107668002945e-01,3.101516899874e-03,-7.529133576874e-04,3.854430257561e-03,-2.303671807624e-03
"                 179",6.103255633002e-01,3.116940636574e-03,-7.503713690809e-04,3.867312005655e-03,-2.308841687368e-03
"                 180",6.096456208910e-01,3.129482028893e-03,-7.368661288410e-04,3.866348157734e-03,-2.301607143288e-03
"                 181",6.087947796882e-01,3.148678982048e-03,-7.256645845843e-04,3.874343566633e-03,-2.300004075609e-03
"                 182",6.079728740964e-01,3.189475517639e-03,-7.152993285428e-04,3.904774846181e-03,-2.310037087362e-03
"                 183",6.073194406097e-01,3.240145025393e-03,-7.109267059540e-04,3.951071731347e-03,-2.330999218651e-03
"                 184",6.066492680586e-01,3.283201834062e-03,-6.994006460145e-04,3.982602480077e-03,-2.341001563046e-03
"                 185",6.057612601138e-01,3.303323165415e-03,-6.833882890288e-04,3.986711454443e-03,-2.335049871736e-03
"                 186",6.048066634299e-01,3.314249420886e-03,-6.596937484765e-04,3.973943169362e-03,-2.316818458919e-03
"                 187",6.038832304153e-01,3.329401498503e-03,-6.426325694202e-04,3.972034067923e-03,-2.307333318672e-03
"                 188",6.029686868978e-01,3.362764063118e-03,-6.298430264653e-04,3.992607089584e-03,-2.311225058025e-03
"                 189",6.020931201682e-01,3.409640417416e-03,-6.275913051328e-04,4.037231722549e-03,-2.332411513841e-03
"                 190",6.013103596621e-01,3.458719498880e-03,-6.224353239208e-04,4.081154822801e-03,-2.351795073361e-03
"                 191",6.005821850483e-01,3.491755490471e-03,-6.142040319012e-04,4.105959522372e-03,-2.360081777137e-03
"                 192",5.999100077751e-01,3.512432892869e-03,-5.969093080341e-04,4.109342200904e-03,-2.353125754469e-03
"                 193",5.993980948564e-01,3.525048283197e-03,-5.805957045494e-04,4.105643987747e-03,-2.343119846148e-03
"                 194",5.993141404300e-01,3.540313564303e-03,-5.609650546413e-04,4.101278618944e-03,-2.331121836793e-03
"                 195",5.997466573123e-01,3.551478830854e-03,-5.440045910044e-04,4.095483421859e-03,-2.319744006432e-03
"                 196",6.004871646594e-01,3.561847391492e-03,-5.241060733262e-04,4.085953464818e-03,-2.305029769072e-03
"                 197",6.010944461291e-01,3.567929349273e-03,-5.102054689307e-04,4.078134818203e-03,-2.294170143567e-03
"                 198",6.014394678432e-01,3.571037848571e-03,-4.940215968364e-04,4.065059445407e-03,-2.279540521122e-03
"                 199",6.016116571403e-01,3.565739461220e-03,-4.824046128612e-04,4.048144074081e-03,-2.265274343471e-03
"                 200",6.017722391452e-01,3.561553348539e-03,-4.711275847456e-04,4.032680933285e-03,-2.251904259015e-03
"                 201",6.019364111966e-01,3.557078373371e-03,-4.683741630423e-04,4.025452536413e-03,-2.246913349728e-03
"                 202",6.020546943419e-01,3.546463800490e-03,-4.625116674188e-04,4.008975467908e-03,-2.235743567664e-03
"                 203",6.019296423593e-01,3.530527879184e-03,-4.627237998326e-04,3.993251679016e-03,-2.227987739425e-03
"                 204",6.015208051373e-01,3.518790149568e-03,-4.643067004447e-04,3.983096850013e-03,-2.223701775229e-03
"                 205",6.008555190153e-01,3.511201965486e-03,-4.760821696388e-04,3.987284135124e-03,-2.231683152382e-03
"                 206",6.000943890637e-01,3.503853019659e-03,-4.869352072127e-04,3.990788226872e-03,-2.238861717042e-03
"                 207",5.992422362841e-01,3.488198297087e-03,-5.014033655663e-04,3.989601662653e-03,-2.245502514110e-03
"                 208",5.983544162565e-01,3.464014363301e-03,-5.103493369177e-04,3.974363700218e-03,-2.242356518568e-03
"                 209",5.974237848430e-01,3.435579471642e-03,-5.246793775000e-04,3.960258849142e-03,-2.242469113321e-03
"                 210",5.964818799436e-01,3.403764741193e-03,-5.344816669885e-04,3.938246408181e-03,-2.236364037585e-03
"                 211",5.955016117794e-01,3.375335892044e-03,-5.508453389197e-04,3.926181230964e-03,-2.238513284942e-03
"                 212",5.945510994275e-01,3.345512742077e-03,-5.616962146246e-04,3.907208956701e-03,-2.234452585663e-03
"                 213",5.935844374307e-01,3.317234513700e-03,-5.776411541558e-04,3.894875667856e-03,-2.236258411006e-03
"                 214",5.926901473114e-01,3.284934893917e-03,-5.864913381236e-04,3.871426232041e-03,-2.228958785082e-03
"                 215",5.918181252934e-01,3.254138118459e-03,-5.998108260737e-04,3.853948944532e-03,-2.226879885303e-03
"                 216",5.910359138227e-01,3.227293720797e-03,-6.088333477860e-04,3.836127068583e-03,-2.222480208185e-03
"                 217",5.902662824731e-01,3.212455494949e-03,-6.265621007353e-04,3.839017595684e-03,-2.232789848210e-03
"                 218",5.896599767051e-01,3.204328856571e-03,-6.398974360377e-04,3.844226292608e-03,-2.242061864323e-03
"                 219",5.892830198744e-01,3.197930392272e-03,-6.554956620326e-04,3.853426054305e-03,-2.254460858169e-03
"                 220",5.890524267072e-01,3.191012480692e-03,-6.630760577532e-04,3.854088538445e-03,-2.258582298099e-03
"                 221",5.888550146330e-01,3.181609763595e-03,-6.708403440859e-04,3.852450107680e-03,-2.261645225883e-03
"                 222",5.886958575541e-01,3.176083253771e-03,-6.719452552788e-04,3.848028509050e-03,-2.259986882164e-03
"                 223",5.884972554529e-01,3.168912927421e-03,-6.731904621605e-04,3.842103389581e-03,-2.257646925871e-03
"                 224",5.883592907123e-01,3.161984372500e-03,-6.670292532018e-04,3.829013625701e-03,-2.248021439452e-03
"                 225",5.882567946751e-01,3.153986040377e-03,-6.622239391975e-04,3.816209979575e-03,-2.239216959386e-03
"                 226",5.881860055935e-01,3.143090416391e-03,-6.486504738811e-04,3.791740890272e-03,-2.220195682077e-03
"                 227",5.880609938117e-01,3.131536849893e-03,-6.361461949012e-04,3.767683044794e-03,-2.201914619848e-03
"                 228",5.879183066080e-01,3.123378068233e-03,-6.186088749959e-04,3.741986943229e-03,-2.180297909112e-03
"                 229",5.877537819614e-01,3.116821399797e-03,-6.051570712298e-04,3.721978471026e-03,-2.163567771128e-03
"                 230",5.876332097513e-01,3.108779766478e-03,-5.848370409754e-04,3.693616807454e-03,-2.139226924215e-03
"                 231",5.874828158320e-01,3.098114027738e-03,-5.663381973117e-04,3.664452225050e-03,-2.115395211181e-03
"                 232",5.873149304934e-01,3.086665184311e-03,-5.422033095716e-04,3.628868493883e-03,-2.085535901727e-03
"                 233",5.870796870414e-01,3.079128088781e-03,-5.241949599776e-04,3.603323048759e-03,-2.063759004368e-03
"                 234",5.868817546071e-01,3.076649205453e-03,-5.032448843403e-04,3.579894089794e-03,-2.041569487067e-03
"                 235",5.867300726097e-01,3.080730813133e-03,-4.896678216618e-04,3.570398634795e-03,-2.030033228228e-03
"                 236",5.866690810937e-01,3.088222059804e-03,-4.724829092718e-04,3.560704969076e-03,-2.016593939174e-03
"                 237",5.866234976453e-01,3.104431984444e-03,-4.641722582965e-04,3.568604242741e-03,-2.016388250519e-03
"                 238",5.866184380582e-01,3.125648080536e-03,-4.539041482161e-04,3.579552228752e-03,-2.016728188484e-03
"                 239",5.866360224662e-01,3.154294018455e-03,-4.524914094476e-04,3.606785427902e-03,-2.029638418675e-03
"                 240",5.867285141050e-01,3.181274023748e-03,-4.462200636938e-04,3.627494087441e-03,-2.036857075568e-03
"                 241",5.868312642822e-01,3.209306718226e-03,-4.461299936465e-04,3.655436711873e-03,-2.050783352760e-03
"                 242",5.869610155747e-01,3.236760354411e-03,-4.415135617905e-04,3.678273916201e-03,-2.059893738996e-03
"                 243",5.870777463284e-01,3.261964641869e-03,-4.414994290916e-04,3.703464070961e-03,-2.072481750026e-03
"                 244",5.872369044603e-01,3.283482613105e-03,-4.363125774897e-04,3.719795190594e-03,-2.078053884042e-03
"                 245",5.874057803479e-01,3.305154401282e-03,-4.367165525303e-04,3.741870953813e-03,-2.089293753171e-03
"                 246",5.876533397839e-01,3.320998970030e-03,-4.307879511423e-04,3.751786921172e-03,-2.091287436157e-03
"                 247",5.878952692305e-01,3.331015156071e-03,-4.276975123813e-04,3.758712668452e-03,-2.093205090417e-03
"                 248",5.880982313869e-01,3.337198550231e-03,-4.204444939132e-04,3.757643044144e-03,-2.089043769028e-03
"                 249",5.882764341744e-01,3.344667171614e-03,-4.206891210480e-04,3.765356292662e-03,-2.093022706855e-03
"                 250",5.884743100303e-01,3.351039972663e-03,-4.178126733790e-04,3.768852646042e-03,-2.093332659711e-03
"                 251",5.886514542380e-01,3.357393705932e-03,-4.202566549446e-04,3.777650360876e-03,-2.098953507911e-03
"                 252",5.888230839993e-01,3.365759972793e-03,-4.211597302601e-04,3.786919703053e-03,-2.104039716657e-03
"                 253",5.889570908421e-01,3.374678743532e-03,-4.286898899853e-04,3.803368633517e-03,-2.116029261751e-03
"                 254",5.891037075929e-01,3.383434678753e-03,-4.330359406589e-04,3.816470619412e-03,-2.124753280036e-03
"                 255",5.892542075801e-01,3.389473114057e-03,-4.419091582881e-04,3.831382272345e-03,-2.136645715317e-03
"                 256",5.894358717600e-01,3.397257292098e-03,-4.490340227640e-04,3.846291314862e-03,-2.147662668813e-03
"                 257",5.896209250740e-01,3.400030788231e-03,-4.590652886791e-04,3.859096076910e-03,-2.159080682795e-03
"                 258",5.898196432618e-01,3.400180189223e-03,-4.644443949997e-04,3.864624584222e-03,-2.164534489611e-03
"                 259",5.899952664410e-01,3.400893744511e-03,-4.756996773376e-04,3.876593421849e-03,-2.176146549593e-03
"                 260",5.901861547500e-01,3.399998607980e-03,-4.825832539385e-04,3.882581861918e-03,-2.182582557928e-03
"                 261",5.903581168591e-01,3.397582081062e-03,-4.936405237267e-04,3.891222604789e-03,-2.192431564258e-03
"                 262",5.905469148073e-01,3.392143219362e-03,-4.994550128573e-04,3.891598232219e-03,-2.195526622538e-03
"                 263",5.907206063146e-01,3.384256871169e-03,-5.085359321346e-04,3.892792803304e-03,-2.200664367719e-03
"                 264",5.908973970454e-01,3.376258940460e-03,-5.134544627023e-04,3.889713403162e-03,-2.201583932932e-03
"                 265",5.910545656188e-01,3.358974051598e-03,-5.174510367575e-04,3.876425088355e-03,-2.196938062556e-03
"                 266",5.912374200009e-01,3.337032375332e-03,-5.147684942258e-04,3.851800869558e-03,-2.183284681892e-03
"                 267",5.914322868174e-01,3.315117371195e-03,-5.164393487476e-04,3.831556719942e-03,-2.173998034345e-03
"                 268",5.916641698301e-01,3.297940386480e-03,-5.154025265314e-04,3.813342913011e-03,-2.164372719771e-03
"                 269",5.918964632315e-01,3.282075276543e-03,-5.183551080995e-04,3.800430384642e-03,-2.159392746371e-03
"                 270",5.921624420234e-01,3.270663320548e-03,-5.185190629139e-04,3.789182383462e-03,-2.153850723188e-03
"                 271",5.924225986165e-01,3.262365226822e-03,-5.236682252041e-04,3.786033452026e-03,-2.154850838615e-03
"                 272",5.927139902030e-01,3.258521329899e-03,-5.257013458941e-04,3.784222675793e-03,-2.154962010844e-03
"                 273",5.929997304677e-01,3.257297976051e-03,-5.319778904919e-04,3.789275866542e-03,-2.160626878517e-03
"                 274",5.933018773083e-01,3.254484977212e-03,-5.322687750228e-04,3.786753752235e-03,-2.159511263629e-03
"                 275",5.935834630468e-01,3.257129966449e-03,-5.386997614986e-04,3.795829727948e-03,-2.167264744723e-03
"                 276",5.938785050286e-01,3.257379222763e-03,-5.384125740590e-04,3.795791796822e-03,-2.167102185440e-03
"                 277",5.941692601294e-01,3.258211199181e-03,-5.408073805571e-04,3.799018579738e-03,-2.169912980148e-03
"                 278",5.944801797250e-01,3.257669317905e-03,-5.371792135968e-04,3.794848531502e-03,-2.166013872549e-03
"                 279",5.947781433451e-01,3.259329281900e-03,-5.385820003049e-04,3.797911282205e-03,-2.168246641255e-03
"                 280",5.950831088156e-01,3.261554922134e-03,-5.341683729702e-04,3.795723295104e-03,-2.164945834037e-03
"                 281",5.953696767069e-01,3.263889962971e-03,-5.328068273244e-04,3.796696790296e-03,-2.164751808810e-03
"                 282",5.956652024738e-01,3.265000026291e-03,-5.258024307618e-04,3.790802457053e-03,-2.158302443907e-03
"                 283",5.959374144505e-01,3.264263926968e-03,-5.209389482778e-04,3.785202875246e-03,-2.153070911762e-03
"                 284",5.962173861373e-01,3.260813735914e-03,-5.100512976634e-04,3.770865033577e-03,-2.140458165620e-03
"                 285",5.964838493654e-01,3.263023577552e-03,-5.060887464555e-04,3.769112324008e-03,-2.137600535232e-03
"                 286",5.967686486068e-01,3.266209204342e-03,-4.976970473218e-04,3.763906251664e-03,-2.130801649493e-03
"                 287",5.970504193706e-01,3.273333863524e-03,-4.947086641218e-04,3.768042527645e-03,-2.131375595884e-03
"                 288",5.973481867400e-01,3.284841009300e-03,-4.895296384163e-04,3.774370647716e-03,-2.131950143066e-03
"                 289",5.976360236931e-01,3.301261684344e-03,-4.911789156425e-04,3.792440599986e-03,-2.141809757814e-03
"                 290",5.979396146922e-01,3.323039198708e-03,-4.908156593616e-04,3.813854858070e-03,-2.152335258716e-03
"                 291",5.982390650645e-01,3.343487428652e-03,-4.936494024848e-04,3.837136831137e-03,-2.165393116811e-03
"                 292",5.985494936442e-01,3.365864044371e-03,-4.935264674709e-04,3.859390511842e-03,-2.176458489656e-03
"                 293",5.988459441833e-01,3.390716318980e-03,-4.987733014789e-04,3.889489620459e-03,-2.194131460969e-03
"                 294",5.991605554713e-01,3.414085458190e-03,-4.995032564285e-04,3.913588714618e-03,-2.206545985523e-03
"                 295",5.994641095997e-01,3.437076168814e-03,-5.045580236153e-04,3.941634192429e-03,-2.223096108022e-03
"                 296",5.997758599188e-01,3.461026044326e-03,-5.064527141413e-04,3.967478758467e-03,-2.236965736304e-03
"                 297",6.000797343008e-01,3.479334086206e-03,-5.101048177722e-04,3.989438903979e-03,-2.249771860875e-03
"                 298",6.003806859038e-01,3.496096525227e-03,-5.094337165652e-04,4.005530241792e-03,-2.257481979179e-03
"                 299",6.006751537618e-01,3.507464359205e-03,-5.108594557696e-04,4.018323814974e-03,-2.264591635372e-03
"                 300",6.009783393778e-01,3.516182292334e-03,-5.073894103340e-04,4.023571702668e-03,-2.265480556501e-03
"                 301",6.012572438508e-01,3.522108687100e-03,-5.073464544945e-04,4.029455141594e-03,-2.268400798044e-03
"                 302",6.015358436783e-01,3.528082328675e-03,-5.041480320403e-04,4.032230360715e-03,-2.268189196378e-03
"                 303",6.017989504915e-01,3.535448373209e-03,-5.071373103106e-04,4.042585683520e-03,-2.274861496915e-03
"                 304",6.020818668565e-01,3.545421245006e-03,-5.081813338335e-04,4.053602578839e-03,-2.280891956336e-03
"                 305",6.023594575750e-01,3.555575870460e-03,-5.139468998362e-04,4.069522770296e-03,-2.291734835066e-03
"                 306",6.026503328855e-01,3.566810712179e-03,-5.168723712025e-04,4.083683083382e-03,-2.300277727292e-03
"                 307",6.029321869815e-01,3.579031571217e-03,-5.258380618242e-04,4.104869633041e-03,-2.315353847433e-03
"                 308",6.032212218936e-01,3.593898209654e-03,-5.324391436086e-04,4.126337353263e-03,-2.329388248436e-03
"                 309",6.034974664189e-01,3.602937935340e-03,-5.406669209803e-04,4.143604856320e-03,-2.342135888650e-03
"                 310",6.037773276783e-01,3.612157849982e-03,-5.457604086852e-04,4.157918258668e-03,-2.351839333676e-03
"                 311",6.040380915300e-01,3.620250761774e-03,-5.558079374665e-04,4.176058699240e-03,-2.365933318353e-03
"                 312",6.043062562370e-01,3.627749619445e-03,-5.614580287179e-04,4.189207648163e-03,-2.375332838440e-03
"                 313",6.045608339835e-01,3.630452866327e-03,-5.693563770019e-04,4.199809243329e-03,-2.384582810165e-03
"                 314",6.048229706540e-01,3.630371162530e-03,-5.725638271442e-04,4.202934989674e-03,-2.387749408409e-03
"                 315",6.050664089523e-01,3.622827653363e-03,-5.759209764642e-04,4.198748629827e-03,-2.387334803146e-03
"                 316",6.053094655140e-01,3.613706673736e-03,-5.749861098047e-04,4.188692783541e-03,-2.381839446673e-03
"                 317",6.055376484243e-01,3.598979919044e-03,-5.760556550136e-04,4.175035574057e-03,-2.375545614535e-03
"                 318",6.057698487873e-01,3.585099681494e-03,-5.732458902613e-04,4.158345571756e-03,-2.365795731009e-03
"                 319",6.059955503303e-01,3.566505177795e-03,-5.723810627707e-04,4.138886240566e-03,-2.355633651668e-03
"                 320",6.062321220859e-01,3.551466838297e-03,-5.697083282570e-04,4.121175166554e-03,-2.345441747406e-03
"                 321",6.064582796609e-01,3.538470036819e-03,-5.720249313111e-04,4.110494968130e-03,-2.341259949721e-03
"                 322",6.067036960540e-01,3.528215710306e-03,-5.716506461290e-04,4.099866356435e-03,-2.335758501282e-03
"                 323",6.069427985281e-01,3.515264606671e-03,-5.739763567088e-04,4.089240963380e-03,-2.331608660044e-03
"                 324",6.072003552368e-01,3.510744231513e-03,-5.762860309751e-04,4.087030262488e-03,-2.331658146732e-03
"                 325",6.074488504839e-01,3.501626364110e-03,-5.799601512575e-04,4.081586515368e-03,-2.330773333313e-03
"                 326",6.077119908257e-01,3.494697320917e-03,-5.803758112805e-04,4.075073132198e-03,-2.327724471739e-03
"                 327",6.079566027913e-01,3.489188364973e-03,-5.859277692080e-04,4.075116134181e-03,-2.330521951695e-03
"                 328",6.082059657184e-01,3.485373977322e-03,-5.873831985813e-04,4.072757175904e-03,-2.330070187242e-03
"                 329",6.084420768815e-01,3.476146251361e-03,-5.895329402154e-04,4.065679191576e-03,-2.327606065896e-03
"                 330",6.086817964168e-01,3.468767719899e-03,-5.881705935814e-04,4.056938313481e-03,-2.322554453531e-03
"                 331",6.089036507419e-01,3.454221346347e-03,-5.875339052048e-04,4.041755251551e-03,-2.314644578378e-03
"                 332",6.091326477039e-01,3.440076238366e-03,-5.821437811568e-04,4.022220019523e-03,-2.302181900340e-03
"                 333",6.093432053743e-01,3.419754304950e-03,-5.770443131413e-04,3.996798618091e-03,-2.286921465616e-03
"                 334",6.095617195832e-01,3.399159668475e-03,-5.671878849084e-04,3.966347553383e-03,-2.266767719146e-03
"                 335",6.097566092343e-01,3.378289273421e-03,-5.619568441131e-04,3.940246117534e-03,-2.251101480824e-03
"                 336",6.099674157559e-01,3.361678375943e-03,-5.533554188006e-04,3.915033794744e-03,-2.234194606772e-03
"                 337",6.101680404891e-01,3.343279779362e-03,-5.481766931885e-04,3.891456472550e-03,-2.219816582869e-03
"                 338",6.103851098001e-01,3.333131300707e-03,-5.424793312242e-04,3.875610631931e-03,-2.209044981578e-03
"                 339",6.105955451067e-01,3.321964701848e-03,-5.399734659735e-04,3.861938167822e-03,-2.200955816898e-03
"                 340",6.108139586195e-01,3.318746079044e-03,-5.371309428710e-04,3.855877021915e-03,-2.196503982393e-03
"                 341",6.110202020815e-01,3.312290285636e-03,-5.358317403568e-04,3.848122025992e-03,-2.191976883175e-03
"                 342",6.112475076371e-01,3.309582413859e-03,-5.321869594454e-04,3.841769373305e-03,-2.186978166375e-03
"                 343",6.114694837541e-01,3.310259342855e-03,-5.349829448177e-04,3.845242287673e-03,-2.190112616245e-03
"                 344",6.117020629553e-01,3.312360195822e-03,-5.332180084783e-04,3.845578204301e-03,-2.189398106390e-03
"                 345",6.119156461962e-01,3.309847368470e-03,-5.333607910215e-04,3.843208159491e-03,-2.188284475256e-03
"                 346",6.121269700687e-01,3.314032385692e-03,-5.324505590465e-04,3.846482944738e-03,-2.189466751892e-03
"                 347",6.123237064698e-01,3.308730310283e-03,-5.304389266310e-04,3.839169236914e-03,-2.184804081772e-03
"                 348",6.125264680769e-01,3.304126003639e-03,-5.245681419828e-04,3.828694145622e-03,-2.176631143803e-03
"                 349",6.127145789159e-01,3.294033266818e-03,-5.205287341772e-04,3.814562000995e-03,-2.167545367586e-03
"                 350",6.129077565975e-01,3.286849610659e-03,-5.132476711400e-04,3.800097281799e-03,-2.156672476469e-03
"                 351",6.130848404455e-01,3.273364059810e-03,-5.066949719486e-04,3.780059031759e-03,-2.143377001854e-03
"                 352",6.132668558928e-01,3.260450276469e-03,-4.961863968985e-04,3.756636673368e-03,-2.126411535133e-03
"                 353",6.134360863225e-01,3.250895749802e-03,-4.931832316410e-04,3.744078981443e-03,-2.118631106542e-03
"                 354",6.136303704457e-01,3.244511478344e-03,-4.862026610493e-04,3.730714139393e-03,-2.108458400221e-03
"                 355",6.138154642655e-01,3.238707558301e-03,-4.848333618072e-04,3.723540920108e-03,-2.104187140958e-03
"                 356",6.140147621736e-01,3.240092681610e-03,-4.819789735902e-04,3.722071655201e-03,-2.102025314395e-03
"                 357",6.142121465460e-01,3.239869682881e-03,-4.837493705834e-04,3.723619053464e-03,-2.103684212024e-03
"                 358",6.144217355766e-01,3.243230215511e-03,-4.819132668584e-04,3.725143482369e-03,-2.103528374614e-03
"                 359",6.146126204851e-01,3.244924336034e-03,-4.843791127138e-04,3.729303448748e-03,-2.106841280731e-03
"                 360",6.148144300185e-01,3.252634047301e-03,-4.860030722746e-04,3.738637119575e-03,-2.112320095925e-03
"                 361",6.150105230860e-01,3.252462200226e-03,-4.877892892108e-04,3.740251489437e-03,-2.114020389324e-03
"                 362",6.152139766463e-01,3.258581891666e-03,-4.883622003573e-04,3.746944092024e-03,-2.117653146190e-03
"                 363",6.153987213633e-01,3.257003019100e-03,-4.900679346355e-04,3.747070953735e-03,-2.118569444185e-03
"                 364",6.155878253513e-01,3.257068225426e-03,-4.878887157596e-04,3.744956941185e-03,-2.116422828473e-03
"                 365",6.157611432515e-01,3.246373404724e-03,-4.849668451998e-04,3.731340249924e-03,-2.108153547562e-03
"                 366",6.159370038125e-01,3.239819793750e-03,-4.802533679662e-04,3.720073161716e-03,-2.100163264841e-03
"                 367",6.160991635889e-01,3.226343632065e-03,-4.763155502578e-04,3.702659182323e-03,-2.089487366290e-03
"                 368",6.162674832157e-01,3.217618416528e-03,-4.699477296438e-04,3.687566146172e-03,-2.078756937908e-03
"                 369",6.164291839829e-01,3.197395527271e-03,-4.625464891296e-04,3.659942016401e-03,-2.061244252765e-03
"                 370",6.165942832324e-01,3.191956552706e-03,-4.601778499648e-04,3.652134402671e-03,-2.056156126318e-03
"                 371",6.167591709554e-01,3.177488707148e-03,-4.553462458755e-04,3.632834953023e-03,-2.044090599449e-03
"                 372",6.169292906626e-01,3.176982854237e-03,-4.554384513668e-04,3.632421305604e-03,-2.043929878485e-03
"                 373",6.171012814312e-01,3.171017851220e-03,-4.556053172154e-04,3.626623168435e-03,-2.041114242825e-03
"                 374",6.172876187458e-01,3.175068661362e-03,-4.581096414927e-04,3.633178302854e-03,-2.045643972174e-03
"                 375",6.174722972576e-01,3.172151574327e-03,-4.596602061244e-04,3.631811780452e-03,-2.045735993288e-03
"                 376",6.176636578864e-01,3.176342720025e-03,-4.617778838833e-04,3.638120603909e-03,-2.049949243896e-03
"                 377",6.178401032637e-01,3.176974555877e-03,-4.666579816863e-04,3.643632537563e-03,-2.055145259625e-03
"                 378",6.180243294050e-01,3.180915225249e-03,-4.683868047211e-04,3.649302029970e-03,-2.058844417346e-03
"                 379",6.181957378414e-01,3.177754796561e-03,-4.713307455886e-04,3.649085542149e-03,-2.060208143869e-03
"                 380",6.183651770845e-01,3.179475169454e-03,-4.718254521411e-04,3.651300621595e-03,-2.061563036868e-03
"                 381",6.185250673960e-01,3.169277337760e-03,-4.713303795941e-04,3.640607717355e-03,-2.055969048474e-03
"                 382",6.186801270218e-01,3.165345833568e-03,-4.685409826453e-04,3.633886816214e-03,-2.051213899429e-03
"                 383",6.188278575985e-01,3.144125161502e-03,-4.614757864963e-04,3.605600947998e-03,-2.033538367247e-03
"                 384",6.189699352308e-01,3.137784786297e-03,-4.594019017853e-04,3.597186688082e-03,-2.028294294934e-03
"                 385",6.191187409605e-01,3.115560379829e-03,-4.506222476170e-04,3.566182627446e-03,-2.008402437531e-03
"                 386",6.192612133835e-01,3.104544691156e-03,-4.455939146196e-04,3.550138605775e-03,-1.997866260198e-03
"                 387",6.194072734639e-01,3.088285476439e-03,-4.413531467244e-04,3.529638623164e-03,-1.985495884944e-03
"                 388",6.195555762119e-01,3.085695417159e-03,-4.401163083274e-04,3.525811725486e-03,-1.982964016907e-03
"                 389",6.197055471544e-01,3.075817675660e-03,-4.390359939218e-04,3.514853669582e-03,-1.976944831752e-03
"                 390",6.198628308188e-01,3.074706559025e-03,-4.381063184661e-04,3.512812877491e-03,-1.975459597979e-03
"                 391",6.200176472911e-01,3.073410463728e-03,-4.413500884382e-04,3.514760552166e-03,-1.978055320302e-03
"                 392",6.201855923929e-01,3.077879454006e-03,-4.428438019086e-04,3.520723255915e-03,-1.981783528912e-03
"                 393",6.203510840924e-01,3.077040042544e-03,-4.464728328613e-04,3.523512875406e-03,-1.984992854134e-03
"                 394",6.205185526722e-01,3.082151017964e-03,-4.475591272229e-04,3.529710145186e-03,-1.988634636205e-03
"                 395",6.206805712257e-01,3.076568211849e-03,-4.479149299475e-04,3.524483141797e-03,-1.986199035872e-03
"                 396",6.208366636068e-01,3.081437078645e-03,-4.509739506981e-04,3.532411029343e-03,-1.991692490020e-03
"                 397",6.209856972110e-01,3.071549829135e-03,-4.476163973705e-04,3.519166226506e-03,-1.983391311938e-03
"                 398",6.211308926487e-01,3.066548333409e-03,-4.444764567296e-04,3.511024790139e-03,-1.977750623434e-03
"                 399",6.212640537669e-01,3.055362936667e-03,-4.420948492903e-04,3.497457785957e-03,-1.969776317624e-03
"                 400",6.213969722088e-01,3.047617386378e-03,-4.363058780204e-04,3.483923264398e-03,-1.960114571209e-03
"                 401",6.215180248327e-01,3.031625078902e-03,-4.311072580392e-04,3.462732336941e-03,-1.946919797490e-03
"                 402",6.216403819840e-01,3.020805953409e-03,-4.239478885837e-04,3.444753841993e-03,-1.934350865288e-03
"                 403",6.217542863069e-01,3.004881439200e-03,-4.187334843387e-04,3.423614923538e-03,-1.921174203938e-03
"                 404",6.218843077985e-01,2.996618632860e-03,-4.127766337283e-04,3.409395266588e-03,-1.911085950158e-03
"                 405",6.220117946868e-01,2.985466987158e-03,-4.098395200343e-04,3.395306507193e-03,-1.902573013614e-03
"                 406",6.221534897762e-01,2.985753375867e-03,-4.090486476818e-04,3.394802023548e-03,-1.901925335615e-03
"                 407",6.222927451414e-01,2.979283766670e-03,-4.081504273342e-04,3.387434194004e-03,-1.897792310669e-03
"                 408",6.224369091297e-01,2.986235084174e-03,-4.100065695476e-04,3.396241653722e-03,-1.903124111635e-03
"                 409",6.225809987530e-01,2.987441654940e-03,-4.134802063389e-04,3.400921861279e-03,-1.907201033809e-03
"                 410",6.227381734364e-01,2.993204262658e-03,-4.141419183387e-04,3.407346180997e-03,-1.910744049668e-03
"                 411",6.228801396925e-01,2.991009613998e-03,-4.151973379234e-04,3.406206951921e-03,-1.910702144922e-03
"                 412",6.230160664702e-01,3.001445391102e-03,-4.201991005487e-04,3.421644491651e-03,-1.920921796100e-03
"                 413",6.231495889845e-01,2.993088104893e-03,-4.171966529312e-04,3.410284757824e-03,-1.913740705378e-03
"                 414",6.232738178490e-01,2.995063552614e-03,-4.172025202308e-04,3.412266072845e-03,-1.914734296538e-03
"                 415",6.233950932257e-01,2.985096983777e-03,-4.140891909258e-04,3.399186174702e-03,-1.906637682814e-03
"                 416",6.235059214689e-01,2.983603527613e-03,-4.122516373402e-04,3.395855164953e-03,-1.904053401147e-03
"                 417",6.236135603159e-01,2.966958748267e-03,-4.050322062606e-04,3.371990954528e-03,-1.888511580394e-03
"                 418",6.237147738499e-01,2.958583657542e-03,-3.991031709502e-04,3.357686828492e-03,-1.878394999721e-03
"                 419",6.238108218053e-01,2.942977488800e-03,-3.939516421493e-04,3.336929130949e-03,-1.865440386549e-03
"                 420",6.239164015699e-01,2.932184231243e-03,-3.864587148048e-04,3.318642946047e-03,-1.852550830426e-03
"                 421",6.240180684362e-01,2.921237040816e-03,-3.838275738380e-04,3.305064614654e-03,-1.844446094246e-03
"                 422",6.241298917056e-01,2.920091109754e-03,-3.813185377889e-04,3.301409647543e-03,-1.841364092666e-03
"                 423",6.242464217512e-01,2.912653811515e-03,-3.804397639897e-04,3.293093575504e-03,-1.836766669747e-03
"                 424",6.243625449724e-01,2.918151995907e-03,-3.813394041457e-04,3.299491400052e-03,-1.840415402099e-03
"                 425",6.244847121920e-01,2.913522534826e-03,-3.815815760683e-04,3.295104110895e-03,-1.838342843481e-03
"                 426",6.246115522030e-01,2.921304624109e-03,-3.841526841414e-04,3.305457308250e-03,-1.844804996196e-03
"                 427",6.247377579248e-01,2.922218358392e-03,-3.873529191684e-04,3.309571277560e-03,-1.848462098364e-03
"                 428",6.248606693301e-01,2.931036856545e-03,-3.897352488855e-04,3.320772105431e-03,-1.855253677158e-03
"                 429",6.249815469728e-01,2.926115812572e-03,-3.894212155532e-04,3.315537028125e-03,-1.852479121839e-03
"                 430",6.250918409646e-01,2.934630189230e-03,-3.937016159699e-04,3.328331805200e-03,-1.861016710585e-03
"                 431",6.252051394772e-01,2.923567569152e-03,-3.891773998584e-04,3.312744969010e-03,-1.850961184434e-03
"                 432",6.253033073611e-01,2.922621591444e-03,-3.877641532370e-04,3.310385744681e-03,-1.849074948959e-03
"                 433",6.253949154787e-01,2.910951259531e-03,-3.843910076260e-04,3.295342267157e-03,-1.839866637391e-03
"                 434",6.254842035008e-01,2.904559862109e-03,-3.794340940875e-04,3.283993956197e-03,-1.831714025142e-03
"                 435",6.255648477870e-01,2.891139742840e-03,-3.751481950556e-04,3.266287937896e-03,-1.820718066476e-03
"                 436",6.256484798688e-01,2.882203311915e-03,-3.683494354544e-04,3.250552747369e-03,-1.809451091412e-03
"                 437",6.257283407308e-01,2.864718492413e-03,-3.618863955606e-04,3.226604887974e-03,-1.794245641767e-03
"                 438",6.258164642319e-01,2.859361732426e-03,-3.583648464070e-04,3.217726578833e-03,-1.788045712620e-03
"                 439",6.259108948692e-01,2.846950409137e-03,-3.545130848803e-04,3.201463494017e-03,-1.777988289449e-03
"                 440",6.260077852539e-01,2.850543708438e-03,-3.551787862556e-04,3.205722494694e-03,-1.780450640475e-03
"                 441",6.261062533484e-01,2.846233992333e-03,-3.555222230531e-04,3.201756215387e-03,-1.778639219220e-03
"                 442",6.262165750272e-01,2.850600851937e-03,-3.562905769300e-04,3.206891428867e-03,-1.781591002899e-03
"                 443",6.263173875276e-01,2.854260502360e-03,-3.608568875310e-04,3.215117389891e-03,-1.787987138711e-03
"                 444",6.264303519101e-01,2.862129581953e-03,-3.631946154924e-04,3.225324197445e-03,-1.794259406469e-03
"                 445",6.265346303662e-01,2.863087883194e-03,-3.666742357686e-04,3.229762118962e-03,-1.798218177365e-03
"                 446",6.266437424679e-01,2.869287307455e-03,-3.679416436098e-04,3.237228951065e-03,-1.802585297337e-03
"                 447",6.267357048154e-01,2.867795746034e-03,-3.704767519004e-04,3.238272497934e-03,-1.804374624917e-03
"                 448",6.268291542781e-01,2.869478075025e-03,-3.689819284915e-04,3.238460003517e-03,-1.803720966004e-03
"                 449",6.269160666999e-01,2.855139530558e-03,-3.639903970457e-04,3.219129927604e-03,-1.791560162325e-03
"                 450",6.269925487865e-01,2.854113348849e-03,-3.631169061819e-04,3.217230255031e-03,-1.790173580606e-03
"                 451",6.270683321975e-01,2.838298977707e-03,-3.561636328821e-04,3.194462610589e-03,-1.775313121736e-03
"                 452",6.271417846339e-01,2.828112233554e-03,-3.496200778854e-04,3.177732311440e-03,-1.763676194662e-03
"                 453",6.272019512363e-01,2.816232759310e-03,-3.463106480741e-04,3.162543407384e-03,-1.754427027729e-03
"                 454",6.272743424137e-01,2.805939889937e-03,-3.390465470574e-04,3.144986436994e-03,-1.742016492026e-03
"                 455",6.273449439450e-01,2.794409459679e-03,-3.361487974879e-04,3.130558257167e-03,-1.733353527327e-03
"                 456",6.274246522184e-01,2.793955459327e-03,-3.340539622073e-04,3.128009421535e-03,-1.731031691871e-03
"                 457",6.275062523647e-01,2.787355933549e-03,-3.333562592649e-04,3.120712192814e-03,-1.727034226039e-03
"                 458",6.275962716415e-01,2.790289264213e-03,-3.335375847212e-04,3.123826848934e-03,-1.728682216827e-03
"                 459",6.276891760109e-01,2.790196997138e-03,-3.359339823402e-04,3.126130979478e-03,-1.731032480909e-03
"                 460",6.277873166854e-01,2.798607068881e-03,-3.383084588664e-04,3.136915527747e-03,-1.737611993307e-03
"                 461",6.278797239144e-01,2.801502995031e-03,-3.422558988765e-04,3.143758893907e-03,-1.743007396392e-03
"                 462",6.279762652595e-01,2.810022740483e-03,-3.447087717291e-04,3.154731512212e-03,-1.749720141970e-03
"                 463",6.280718176672e-01,2.808685242076e-03,-3.464390015684e-04,3.155124243644e-03,-1.750781622606e-03
"                 464",6.281564077188e-01,2.816028081657e-03,-3.484330475252e-04,3.164461129182e-03,-1.756447088354e-03
"                 465",6.282359534575e-01,2.810339306325e-03,-3.479728502716e-04,3.158312156597e-03,-1.753142503434e-03
"                 466",6.283141829878e-01,2.808212133617e-03,-3.445811060560e-04,3.152793239673e-03,-1.748687172865e-03
"                 467",6.283818285215e-01,2.795213938892e-03,-3.398253381618e-04,3.135039277054e-03,-1.737432307608e-03
"                 468",6.284414737426e-01,2.793455098983e-03,-3.377983132198e-04,3.131253412203e-03,-1.734525862711e-03
"                 469",6.285087353335e-01,2.773610976929e-03,-3.288904142671e-04,3.102501391196e-03,-1.715695902732e-03
"                 470",6.285619034858e-01,2.769588910434e-03,-3.254645247041e-04,3.095053435138e-03,-1.710258979921e-03
"                 471",6.286226545929e-01,2.751420799051e-03,-3.173499224516e-04,3.068770721503e-03,-1.693060321977e-03
"                 472",6.286782687112e-01,2.751895425291e-03,-3.168150550643e-04,3.068710480355e-03,-1.692762767710e-03
"                 473",6.287542903638e-01,2.738599401170e-03,-3.108806666260e-04,3.049480067796e-03,-1.680180367211e-03
"                 474",6.288288508648e-01,2.740263173134e-03,-3.104965361327e-04,3.050759709267e-03,-1.680628122700e-03
"                 475",6.289089054675e-01,2.735639382353e-03,-3.104451075424e-04,3.046084489895e-03,-1.678264798719e-03
"                 476",6.289940950202e-01,2.743860666556e-03,-3.125228685393e-04,3.056383535095e-03,-1.684453201817e-03
"                 477",6.290840536622e-01,2.743532267617e-03,-3.143773870685e-04,3.057909654685e-03,-1.686143520877e-03
"                 478",6.291729644402e-01,2.755426465627e-03,-3.183147679492e-04,3.073741233576e-03,-1.696028000763e-03
"                 479",6.292593601529e-01,2.755590486352e-03,-3.203468356295e-04,3.075937321982e-03,-1.698142078806e-03
"                 480",6.293428424373e-01,2.768137476070e-03,-3.248598605196e-04,3.092997336590e-03,-1.708928598555e-03
"                 481",6.294272508307e-01,2.762752714333e-03,-3.240857181118e-04,3.086838432445e-03,-1.705462075278e-03
"                 482",6.294988703753e-01,2.769518641295e-03,-3.252266323577e-04,3.094745273652e-03,-1.709985953005e-03
"                 483",6.295685728760e-01,2.756962317132e-03,-3.203790168693e-04,3.077341334001e-03,-1.698860175435e-03
"                 484",6.296278313537e-01,2.758083473731e-03,-3.196742986438e-04,3.077757772375e-03,-1.698716035509e-03
"                 485",6.296889216745e-01,2.741891279098e-03,-3.123436852463e-04,3.054234964344e-03,-1.683289324795e-03
"                 486",6.297394765144e-01,2.738993167137e-03,-3.092801949838e-04,3.048273362121e-03,-1.678776778552e-03
"                 487",6.297932874663e-01,2.721646672704e-03,-3.012166757163e-04,3.022863348420e-03,-1.662040012068e-03
"                 488",6.298380623628e-01,2.719751000473e-03,-2.990910183969e-04,3.018842018870e-03,-1.658966518634e-03
"                 489",6.298959999061e-01,2.704303989752e-03,-2.920072655096e-04,2.996311255262e-03,-1.644159260386e-03
"                 490",6.299548796532e-01,2.706378067874e-03,-2.923724545894e-04,2.998750522463e-03,-1.645561488526e-03
"                 491",6.300297462190e-01,2.696868394451e-03,-2.882562209010e-04,2.985124615352e-03,-1.636690418127e-03
"                 492",6.300939850481e-01,2.706974560112e-03,-2.928633859195e-04,2.999837946031e-03,-1.646350665975e-03
"                 493",6.301780792559e-01,2.702478699215e-03,-2.908629629254e-04,2.993341662141e-03,-1.642102312533e-03
"                 494",6.302558205493e-01,2.714234621641e-03,-2.959433240734e-04,3.010177945714e-03,-1.653060634894e-03
"                 495",6.303451420517e-01,2.714306332449e-03,-2.969986705826e-04,3.011305003032e-03,-1.654151836807e-03
"                 496",6.304227390017e-01,2.727207299739e-03,-3.027590111290e-04,3.029966310868e-03,-1.666362660999e-03
"                 497",6.305054002429e-01,2.726880009094e-03,-3.029580572893e-04,3.029838066383e-03,-1.666398061836e-03
"                 498",6.305796942496e-01,2.733002176067e-03,-3.049199811640e-04,3.037922157231e-03,-1.671421069198e-03
"                 499",6.306529005248e-01,2.727708425187e-03,-3.037920068776e-04,3.031500432065e-03,-1.667646219471e-03
"                 500",6.307146680195e-01,2.729761996777e-03,-3.032462080982e-04,3.033008204875e-03,-1.668127206487e-03
"                 501",6.307725519483e-01,2.718611036306e-03,-2.987865868628e-04,3.017397623169e-03,-1.658092105016e-03
"                 502",6.308222241895e-01,2.715366621611e-03,-2.953691681644e-04,3.010735789776e-03,-1.653052478970e-03
"                 503",6.308730821491e-01,2.699809477068e-03,-2.887495837398e-04,2.988559060808e-03,-1.638654322274e-03
"                 504",6.309152778812e-01,2.696613660681e-03,-2.849383064370e-04,2.981551967118e-03,-1.633245136778e-03
"                 505",6.309678832116e-01,2.673562452499e-03,-2.739221213845e-04,2.947484573883e-03,-1.610703347634e-03
"                 506",6.310102654449e-01,2.672938985141e-03,-2.737060057315e-04,2.946644990872e-03,-1.610175498302e-03
"                 507",6.310743554101e-01,2.658591169077e-03,-2.665655765789e-04,2.925156745656e-03,-1.595861161117e-03
"                 508",6.311284481475e-01,2.663280115421e-03,-2.683603478187e-04,2.931640463240e-03,-1.600000405529e-03
"                 509",6.311950687540e-01,2.657640966268e-03,-2.666601967187e-04,2.924301162987e-03,-1.595480679853e-03
"                 510",6.312657207163e-01,2.666014843050e-03,-2.699761842392e-04,2.935991027289e-03,-1.602983605764e-03
"                 511",6.313460668244e-01,2.665295782324e-03,-2.701923111522e-04,2.935488093477e-03,-1.602840202314e-03
"                 512",6.314191629710e-01,2.678435342598e-03,-2.761568439018e-04,2.954592186500e-03,-1.615374515201e-03
"                 513",6.314955639101e-01,2.678902068316e-03,-2.770494427450e-04,2.955951511061e-03,-1.616500476903e-03
"                 514",6.315699768459e-01,2.687254208642e-03,-2.803898436443e-04,2.967644052286e-03,-1.624016947965e-03
"                 515",6.316457769800e-01,2.683890136192e-03,-2.796941842691e-04,2.963584320461e-03,-1.621639252365e-03
"                 516",6.317049146556e-01,2.691809481073e-03,-2.828381682351e-04,2.974647649308e-03,-1.628742908772e-03
"                 517",6.317648654727e-01,2.682569557047e-03,-2.786520523483e-04,2.961221609395e-03,-1.619936830872e-03
"                 518",6.318193106385e-01,2.677909126289e-03,-2.748764473800e-04,2.952785573669e-03,-1.613831010524e-03
"                 519",6.318651216559e-01,2.667330209153e-03,-2.711341719360e-04,2.938464381089e-03,-1.604799276513e-03
"                 520",6.319070355057e-01,2.661455785957e-03,-2.661734235974e-04,2.927629209554e-03,-1.596901316576e-03
"                 521",6.319469023359e-01,2.647096850943e-03,-2.604066329695e-04,2.907503483912e-03,-1.583955058441e-03
"                 522",6.319857948386e-01,2.639776230308e-03,-2.543132574766e-04,2.894089487785e-03,-1.574201372631e-03
"                 523",6.320302020700e-01,2.622649351486e-03,-2.471536022325e-04,2.869802953718e-03,-1.558478277975e-03
"                 524",6.320751850361e-01,2.622670296203e-03,-2.460652917603e-04,2.868735587963e-03,-1.557400439862e-03
"                 525",6.321314984344e-01,2.611553865303e-03,-2.419017117500e-04,2.853455577053e-03,-1.547678644401e-03
"                 526",6.321878353829e-01,2.616716677938e-03,-2.429849192811e-04,2.859701597219e-03,-1.551343258250e-03
"                 527",6.322513317408e-01,2.613662678932e-03,-2.430384777337e-04,2.856701156665e-03,-1.549869817199e-03
"                 528",6.323171394998e-01,2.623945791338e-03,-2.465930579264e-04,2.870538849265e-03,-1.558565953596e-03
"                 529",6.323934166729e-01,2.621337176760e-03,-2.461817553756e-04,2.867518932136e-03,-1.556850343756e-03
"                 530",6.324581249602e-01,2.634840714601e-03,-2.528079455185e-04,2.887648660120e-03,-1.570228302819e-03
"                 531",6.325302222947e-01,2.632986603346e-03,-2.523578779284e-04,2.885344481274e-03,-1.568851179601e-03
"                 532",6.325901366392e-01,2.645934709894e-03,-2.584454548584e-04,2.904380164752e-03,-1.581412809805e-03
"                 533",6.326547852911e-01,2.640714195180e-03,-2.561211871238e-04,2.896835382304e-03,-1.576478284714e-03
"                 534",6.327059530787e-01,2.644665552082e-03,-2.575231564056e-04,2.902188708487e-03,-1.579855932446e-03
"                 535",6.327564069515e-01,2.635406035875e-03,-2.530515427100e-04,2.888457578585e-03,-1.570754560647e-03
"                 536",6.327953197530e-01,2.631811116080e-03,-2.500246571601e-04,2.881835773240e-03,-1.565930215200e-03
"                 537",6.328364169138e-01,2.615553457831e-03,-2.430032716199e-04,2.858556729451e-03,-1.550780000535e-03
"                 538",6.328718770584e-01,2.608556478613e-03,-2.376806426928e-04,2.846237121305e-03,-1.541958881999e-03
"                 539",6.329085598173e-01,2.590684522817e-03,-2.295090917789e-04,2.820193614596e-03,-1.524851353188e-03
"                 540",6.329350541821e-01,2.587683684973e-03,-2.266341302709e-04,2.814317815244e-03,-1.520475972757e-03
"                 541",6.329727779042e-01,2.572336436600e-03,-2.198396783783e-04,2.792176114978e-03,-1.506007896678e-03
"                 542",6.330168719874e-01,2.573418450340e-03,-2.195622506404e-04,2.792980700980e-03,-1.506271475810e-03
"                 543",6.330720707009e-01,2.565669089376e-03,-2.162390621035e-04,2.781908151480e-03,-1.499073606792e-03
"                 544",6.331230469057e-01,2.571654125082e-03,-2.185958430520e-04,2.790249968134e-03,-1.504422905593e-03
"                 545",6.331892243069e-01,2.568819724181e-03,-2.179446422312e-04,2.786764366412e-03,-1.502354504322e-03
"                 546",6.332521562640e-01,2.578674563613e-03,-2.220792756224e-04,2.800753839235e-03,-1.511416557429e-03
"                 547",6.333210370297e-01,2.578816029454e-03,-2.228751518323e-04,2.801691181286e-03,-1.512283166559e-03
"                 548",6.333797152986e-01,2.590831184122e-03,-2.279828959165e-04,2.818814080039e-03,-1.523398487978e-03
"                 549",6.334466235900e-01,2.590362373277e-03,-2.288276198049e-04,2.819189993082e-03,-1.524008806443e-03
"                 550",6.335019749028e-01,2.597425588951e-03,-2.315564925722e-04,2.828982081524e-03,-1.530269287048e-03
"                 551",6.335547537071e-01,2.592318735438e-03,-2.293317621865e-04,2.821650497625e-03,-1.525491129906e-03
"                 552",6.335973727476e-01,2.591002808889e-03,-2.272957367654e-04,2.818298545654e-03,-1.522797141210e-03
"                 553",6.336349609186e-01,2.582458692973e-03,-2.248303766739e-04,2.807289069647e-03,-1.516059723161e-03
"                 554",6.336717145381e-01,2.575009633765e-03,-2.187490237997e-04,2.793758657565e-03,-1.506253840682e-03
"                 555",6.336994819297e-01,2.561704281267e-03,-2.135163632603e-04,2.775220644527e-03,-1.494368503894e-03
"                 556",6.337265948771e-01,2.555413908901e-03,-2.079952114392e-04,2.763409120340e-03,-1.485702165890e-03
"                 557",6.337544249555e-01,2.538402119577e-03,-2.006825250250e-04,2.739084644602e-03,-1.469883584814e-03
"                 558",6.337835866496e-01,2.532582216173e-03,-1.963502299174e-04,2.728932446090e-03,-1.462641338004e-03
"                 559",6.338207202823e-01,2.522435786528e-03,-1.927432762724e-04,2.715179062801e-03,-1.453961169536e-03
"                 560",6.338625516155e-01,2.525279055764e-03,-1.925380064206e-04,2.717817062184e-03,-1.455177534303e-03
"                 561",6.339131371463e-01,2.519381451068e-03,-1.908516178121e-04,2.710233068880e-03,-1.450542343346e-03
"                 562",6.339647786150e-01,2.528193537846e-03,-1.942269183940e-04,2.722420456240e-03,-1.458323687317e-03
"                 563",6.340295338590e-01,2.525104428220e-03,-1.937956853369e-04,2.718900113557e-03,-1.456347899447e-03
"                 564",6.340835459713e-01,2.540813657606e-03,-2.003760936013e-04,2.741189751207e-03,-1.470782922404e-03
"                 565",6.341512467528e-01,2.536433712013e-03,-1.986909759994e-04,2.735124688012e-03,-1.466907832006e-03
"                 566",6.342038767313e-01,2.550775290154e-03,-2.061855075172e-04,2.756960797671e-03,-1.481573152594e-03
"                 567",6.342609246028e-01,2.548041731071e-03,-2.049109667077e-04,2.752952697779e-03,-1.478931832243e-03
"                 568",6.343020982881e-01,2.557918683901e-03,-2.097565711718e-04,2.767675255073e-03,-1.488715913122e-03
"                 569",6.343515864502e-01,2.546986380472e-03,-2.039971494561e-04,2.750983529928e-03,-1.477490339692e-03
"                 570",6.343865689707e-01,2.544141115369e-03,-2.011137738350e-04,2.745254889204e-03,-1.473184331520e-03
"                 571",6.344166253313e-01,2.533063821029e-03,-1.976651571066e-04,2.730728978135e-03,-1.464197067621e-03
"                 572",6.344452118082e-01,2.525222381036e-03,-1.911004269437e-04,2.716322807980e-03,-1.453711617462e-03
"                 573",6.344704655858e-01,2.507289397254e-03,-1.829832480318e-04,2.690272645286e-03,-1.436627946659e-03
"                 574",6.344864063737e-01,2.503145259593e-03,-1.802423143360e-04,2.683387573929e-03,-1.431814944133e-03
"                 575",6.345181628033e-01,2.483745439350e-03,-1.705758389476e-04,2.654321278297e-03,-1.412448558622e-03
"                 576",6.345395415732e-01,2.484311328584e-03,-1.702678056334e-04,2.654579134217e-03,-1.412423469925e-03
"                 577",6.345779761131e-01,2.475777151303e-03,-1.670873499114e-04,2.642864501214e-03,-1.404975925563e-03
"                 578",6.346195353874e-01,2.479562637168e-03,-1.684226884132e-04,2.647985325582e-03,-1.408204006997e-03
"                 579",6.346709118955e-01,2.475281939615e-03,-1.665118581162e-04,2.641793797732e-03,-1.404152827924e-03
"                 580",6.347230174051e-01,2.480887791352e-03,-1.681153059666e-04,2.649003097318e-03,-1.408559201642e-03
"                 581",6.347784023198e-01,2.485615278818e-03,-1.731118510802e-04,2.658727129898e-03,-1.415919490489e-03
"                 582",6.348417059437e-01,2.492782850925e-03,-1.741270341719e-04,2.666909885096e-03,-1.420518459634e-03
"                 583",6.348980993291e-01,2.492090787484e-03,-1.751353848186e-04,2.667226172303e-03,-1.421180778561e-03
"                 584",6.349454682046e-01,2.506283243257e-03,-1.821964721439e-04,2.688479715401e-03,-1.435338093772e-03
"                 585",6.349978786109e-01,2.501671666569e-03,-1.802470891517e-04,2.681918755721e-03,-1.431082922436e-03
"                 586",6.350409125524e-01,2.503277507989e-03,-1.799723330718e-04,2.683249841061e-03,-1.431611087066e-03
"                 587",6.350759228855e-01,2.498270214816e-03,-1.790728995190e-04,2.677343114335e-03,-1.428208006927e-03
"                 588",6.351031495847e-01,2.497741520383e-03,-1.772096214094e-04,2.674951141792e-03,-1.426080381601e-03
"                 589",6.351276660736e-01,2.483900993157e-03,-1.715281448741e-04,2.655429138031e-03,-1.413478641453e-03
"                 590",6.351466533164e-01,2.479350011052e-03,-1.671371851504e-04,2.646487196202e-03,-1.406812190676e-03
"                 591",6.351678122299e-01,2.462292740836e-03,-1.596355422529e-04,2.621928283089e-03,-1.390781912671e-03
"                 592",6.351837495026e-01,2.455480247164e-03,-1.548121864272e-04,2.610292433591e-03,-1.382552310009e-03
"                 593",6.352085685455e-01,2.437848733668e-03,-1.470608423127e-04,2.584909575980e-03,-1.365985209147e-03
"                 594",6.352356533079e-01,2.436169266456e-03,-1.450609977360e-04,2.581230264192e-03,-1.363145630964e-03
"                 595",6.352728831704e-01,2.425345966388e-03,-1.404068553386e-04,2.565752821727e-03,-1.353079838533e-03
"                 596",6.353048791641e-01,2.434491110818e-03,-1.451626493431e-04,2.579653760161e-03,-1.362408204752e-03
"                 597",6.353594878534e-01,2.428709505117e-03,-1.426703696098e-04,2.571379874727e-03,-1.357025122168e-03
"                 598",6.354049331205e-01,2.441972001016e-03,-1.489196041041e-04,2.590891605120e-03,-1.369905604612e-03
"                 599",6.354623762561e-01,2.442258454082e-03,-1.495618819661e-04,2.591820336048e-03,-1.370691109007e-03
"                 600",6.355089705285e-01,2.456487865129e-03,-1.565103500118e-04,2.612998215141e-03,-1.384754282576e-03
"                 601",6.355664382558e-01,2.455951527447e-03,-1.564004274328e-04,2.612351954880e-03,-1.384376191157e-03
"                 602",6.356181636954e-01,2.459890674536e-03,-1.572142259463e-04,2.617104900482e-03,-1.387159563214e-03
"                 603",6.356587441420e-01,2.459328317721e-03,-1.594186997543e-04,2.618747017475e-03,-1.389082858615e-03
"                 604",6.356986264677e-01,2.459915744007e-03,-1.571314885016e-04,2.617047232509e-03,-1.387089360505e-03
"                 605",6.357306394199e-01,2.448193926556e-03,-1.525194261743e-04,2.600713352730e-03,-1.376616389452e-03
"                 606",6.357511673042e-01,2.448725906223e-03,-1.524633943013e-04,2.601189300524e-03,-1.376826347413e-03
"                 607",6.357761974497e-01,2.430335743428e-03,-1.430782022432e-04,2.573413945671e-03,-1.358246073957e-03
"                 608",6.357899353765e-01,2.423690471870e-03,-1.381541932015e-04,2.561844665072e-03,-1.349999429137e-03
"                 609",6.358007758764e-01,2.410309715382e-03,-1.336521114553e-04,2.543961826837e-03,-1.338806969146e-03
"                 610",6.358220666189e-01,2.400345252159e-03,-1.259473738830e-04,2.526292626043e-03,-1.326119999963e-03
"                 611",6.358443493435e-01,2.383007302465e-03,-1.184602389772e-04,2.501467541442e-03,-1.309963890210e-03
"                 612",6.358667089929e-01,2.387757907848e-03,-1.209754024452e-04,2.508733310293e-03,-1.314854356369e-03
"                 613",6.359056160805e-01,2.379134630086e-03,-1.170430916357e-04,2.496177721722e-03,-1.306610406679e-03
"                 614",6.359437925972e-01,2.382492185007e-03,-1.178913804136e-04,2.500383565420e-03,-1.309137472917e-03
"                 615",6.359923872678e-01,2.382208770717e-03,-1.193782555989e-04,2.501587026316e-03,-1.310482640957e-03
"                 616",6.360382162212e-01,2.396200170283e-03,-1.251721192096e-04,2.521372289492e-03,-1.323272204351e-03
"                 617",6.360878709660e-01,2.399602021411e-03,-1.283071032980e-04,2.527909124709e-03,-1.328108114004e-03
"                 618",6.361377821429e-01,2.410470324714e-03,-1.324445054206e-04,2.542914830135e-03,-1.337679667778e-03
"                 619",6.361861673657e-01,2.412619808744e-03,-1.350933077388e-04,2.547713116482e-03,-1.341403212111e-03
"                 620",6.362253193137e-01,2.422870471351e-03,-1.387469880450e-04,2.561617459396e-03,-1.350182223721e-03
"                 621",6.362702281799e-01,2.409811076721e-03,-1.327003038628e-04,2.542511380584e-03,-1.337605842223e-03
"                 622",6.362926355565e-01,2.416725566535e-03,-1.367302616783e-04,2.553455828214e-03,-1.345093044946e-03
"                 623",6.363226364337e-01,2.404213350641e-03,-1.301724644988e-04,2.534385815140e-03,-1.332279139819e-03
"                 624",6.363385543601e-01,2.399664756632e-03,-1.268809738697e-04,2.526545730501e-03,-1.326713352185e-03
"                 625",6.363505859287e-01,2.385526794768e-03,-1.210062625218e-04,2.506533057290e-03,-1.313769659906e-03
"                 626",6.363645450997e-01,2.378352949612e-03,-1.156275934748e-04,2.493980543087e-03,-1.304804068281e-03
"                 627",6.363765365923e-01,2.360975891031e-03,-1.081201482775e-04,2.469096039309e-03,-1.288608093793e-03
"                 628",6.363867156369e-01,2.357454530461e-03,-1.046888657033e-04,2.462143396164e-03,-1.283416130934e-03
"                 629",6.364109431828e-01,2.342977788123e-03,-9.872323247515e-05,2.441701020598e-03,-1.270212126537e-03
"                 630",6.364351620780e-01,2.346421332710e-03,-9.983051663589e-05,2.446251849346e-03,-1.273041182991e-03
"                 631",6.364692613058e-01,2.339829484974e-03,-9.783096218190e-05,2.437660447156e-03,-1.267745704669e-03
"                 632",6.365045936805e-01,2.350431502823e-03,-1.018904589242e-04,2.452321961747e-03,-1.277106210336e-03
"                 633",6.365568775043e-01,2.344237413800e-03,-9.946085958889e-05,2.443698273389e-03,-1.271579566489e-03
"                 634",6.366015006744e-01,2.359388538826e-03,-1.076623903079e-04,2.467050929134e-03,-1.287356659721e-03
"                 635",6.366525067180e-01,2.360794519517e-03,-1.084653199020e-04,2.469259839419e-03,-1.288862579660e-03
"                 636",6.366917483804e-01,2.373787772920e-03,-1.147132813205e-04,2.488501054240e-03,-1.301607167780e-03
"                 637",6.367370404718e-01,2.371620185649e-03,-1.145013997442e-04,2.486121585394e-03,-1.300311492569e-03
"                 638",6.367717951740e-01,2.381283530872e-03,-1.189339155703e-04,2.500217446442e-03,-1.309575681006e-03
"                 639",6.368083525083e-01,2.374519631567e-03,-1.159406285340e-04,2.490460260101e-03,-1.303200444317e-03
"                 640",6.368348218190e-01,2.372314279136e-03,-1.135848790233e-04,2.485899158159e-03,-1.299742018591e-03
"                 641",6.368519176195e-01,2.363861860363e-03,-1.114753139493e-04,2.475337174313e-03,-1.293406244131e-03
"                 642",6.368698559421e-01,2.355777875081e-03,-1.050691087371e-04,2.460846983818e-03,-1.282958046278e-03
"                 643",6.368784557937e-01,2.340757564411e-03,-9.902262022274e-05,2.439780184634e-03,-1.269401402428e-03
"                 644",6.368842438872e-01,2.336381322874e-03,-9.517281034586e-05,2.431554133220e-03,-1.263363471783e-03
"                 645",6.368949609941e-01,2.319711922632e-03,-8.840012783027e-05,2.408112050462e-03,-1.248256089146e-03
"                 646",6.369082034642e-01,2.314157001733e-03,-8.367330596734e-05,2.397830307700e-03,-1.240751806834e-03
"                 647",6.369295484917e-01,2.302141217717e-03,-7.943121097964e-05,2.381572428696e-03,-1.230501819838e-03
"                 648",6.369529302884e-01,2.307315112685e-03,-8.104557598333e-05,2.388360688668e-03,-1.234703132326e-03
"                 649",6.369870615685e-01,2.301638523736e-03,-7.987578637838e-05,2.381514310114e-03,-1.230695048246e-03
"                 650",6.370284444316e-01,2.308442555504e-03,-8.180289139662e-05,2.390245446900e-03,-1.236024169148e-03
"                 651",6.370709549605e-01,2.310543193901e-03,-8.445800378275e-05,2.395001197684e-03,-1.239729600733e-03
"                 652",6.371119381236e-01,2.325315843108e-03,-9.105111357129e-05,2.416366956679e-03,-1.253709035125e-03
"                 653",6.371605431321e-01,2.324591032299e-03,-9.210986136731e-05,2.416700893666e-03,-1.254405377517e-03
"                 654",6.372020459945e-01,2.337136110502e-03,-9.739765769702e-05,2.434533768199e-03,-1.265965712948e-03
"                 655",6.372473970943e-01,2.331235739110e-03,-9.525013071063e-05,2.426485869820e-03,-1.260868000266e-03
"                 656",6.372704092848e-01,2.344067539894e-03,-1.020382387356e-04,2.446105778630e-03,-1.274072008683e-03
"                 657",6.373023991021e-01,2.334070388292e-03,-9.736489286822e-05,2.431435281160e-03,-1.264400087014e-03
"                 658",6.373192613159e-01,2.335715026517e-03,-9.798838510809e-05,2.433703411625e-03,-1.265845898366e-03
"                 659",6.373374718977e-01,2.322510980500e-03,-9.134052335764e-05,2.413851503858e-03,-1.252596013608e-03
"                 660",6.373456814575e-01,2.315769829021e-03,-8.683567767998e-05,2.402605506701e-03,-1.244720592190e-03
"                 661",6.373524008516e-01,2.302152146210e-03,-8.149994753443e-05,2.383652093745e-03,-1.232576020640e-03
"                 662",6.373606079574e-01,2.292294610568e-03,-7.484118733534e-05,2.367135797904e-03,-1.220988492619e-03
"                 663",6.373703949916e-01,2.276371340134e-03,-6.850303885913e-05,2.344874378993e-03,-1.206688708926e-03
"                 664",6.373793552924e-01,2.275395089319e-03,-6.632019677696e-05,2.341715286096e-03,-1.204017741437e-03
"                 665",6.374061868900e-01,2.261330805636e-03,-6.039522010574e-05,2.321726025742e-03,-1.191060622924e-03
"                 666",6.374274231272e-01,2.269288863926e-03,-6.502512590939e-05,2.334313989836e-03,-1.199669557872e-03
"                 667",6.374640079830e-01,2.264195492564e-03,-6.256097476773e-05,2.326756467331e-03,-1.194658721050e-03
"                 668",6.375004853829e-01,2.271739895460e-03,-6.571484034451e-05,2.337454735805e-03,-1.201584788075e-03
"                 669",6.375403843903e-01,2.277007559639e-03,-7.043223032049e-05,2.347439789960e-03,-1.208936010140e-03
"                 670",6.375855625932e-01,2.287878482489e-03,-7.445830632822e-05,2.362336788817e-03,-1.218397547573e-03
"                 671",6.376279170582e-01,2.290243832007e-03,-7.755694157451e-05,2.367800773581e-03,-1.222678857578e-03
"                 672",6.376648623517e-01,2.303234502394e-03,-8.259169386731e-05,2.385826196261e-03,-1.234208945064e-03
"                 673",6.377032820987e-01,2.298112691358e-03,-8.122324984634e-05,2.379335941204e-03,-1.230279595525e-03
"                 674",6.377282118427e-01,2.306330508667e-03,-8.521753105782e-05,2.391548039725e-03,-1.238382785391e-03
"                 675",6.377568838175e-01,2.297055331527e-03,-8.117532064778e-05,2.378230652175e-03,-1.229702986411e-03
"                 676",6.377661023724e-01,2.301069320004e-03,-8.283420564053e-05,2.383903525644e-03,-1.233368865642e-03
"                 677",6.377808550355e-01,2.286448085236e-03,-7.567996180243e-05,2.362128047039e-03,-1.218904004421e-03
"                 678",6.377859815077e-01,2.281019342990e-03,-7.196714114328e-05,2.352986484134e-03,-1.212476812639e-03
"                 679",6.377966018051e-01,2.264187732761e-03,-6.442755367268e-05,2.328615286434e-03,-1.196521420053e-03
"                 680",6.377958195705e-01,2.258522497000e-03,-6.063116406798e-05,2.319153661068e-03,-1.189892412568e-03
"                 681",6.378057557271e-01,2.240654947348e-03,-5.220844789595e-05,2.292863395243e-03,-1.172535921570e-03
"                 682",6.378142964809e-01,2.238770177732e-03,-5.065047819376e-05,2.289420655926e-03,-1.170035567060e-03
"                 683",6.378371802974e-01,2.231027507275e-03,-4.823398428066e-05,2.279261491556e-03,-1.163747737918e-03
"                 684",6.378593928585e-01,2.237081698628e-03,-5.086001350413e-05,2.287941712132e-03,-1.169400862818e-03
"                 685",6.378911420307e-01,2.234072191528e-03,-4.990061604899e-05,2.283972807577e-03,-1.166936711813e-03
"                 686",6.379285756358e-01,2.240193733156e-03,-5.200963204650e-05,2.292203365202e-03,-1.172106498624e-03
"                 687",6.379705740559e-01,2.244822677385e-03,-5.697478083719e-05,2.301797458223e-03,-1.179386119530e-03
"                 688",6.380118129018e-01,2.257033727819e-03,-6.106628309345e-05,2.318100010912e-03,-1.189583147003e-03
"                 689",6.380498819041e-01,2.257562980603e-03,-6.316724130238e-05,2.320730221906e-03,-1.191948731604e-03
"                 690",6.380860205880e-01,2.269534061029e-03,-6.863778637509e-05,2.338171847404e-03,-1.203404816890e-03
"                 691",6.381212237130e-01,2.268709129346e-03,-6.932910331518e-05,2.338038232662e-03,-1.203683667988e-03
"                 692",6.381425114038e-01,2.277795376071e-03,-7.342735544152e-05,2.351222731512e-03,-1.212325043477e-03
"                 693",6.381649163330e-01,2.269524494986e-03,-6.972398335999e-05,2.339248478346e-03,-1.204486230853e-03
"                 694",6.381800289604e-01,2.266403077418e-03,-6.700626424574e-05,2.333409341663e-03,-1.200207802955e-03
"                 695",6.381914677688e-01,2.255645638296e-03,-6.363533312114e-05,2.319280971418e-03,-1.191458152269e-03
"                 696",6.381954406323e-01,2.251094652626e-03,-5.926890800373e-05,2.310363560630e-03,-1.184816234317e-03
"                 697",6.381980171348e-01,2.236089781317e-03,-5.334422113643e-05,2.289434002454e-03,-1.171389111795e-03
"                 698",6.381992000216e-01,2.228079731895e-03,-4.744179779421e-05,2.275521529689e-03,-1.161481663742e-03
"                 699",6.382044173064e-01,2.212549710913e-03,-4.120844002162e-05,2.253758150935e-03,-1.147483295478e-03
"                 700",6.382120386435e-01,2.211951399905e-03,-3.989529835121e-05,2.251846698256e-03,-1.145870998304e-03
"                 701",6.382300313548e-01,2.205262282339e-03,-3.841764427653e-05,2.243679926616e-03,-1.141048785446e-03
"                 702",6.382537217474e-01,2.209749230691e-03,-3.924094142596e-05,2.248990172117e-03,-1.144115556771e-03
"                 703",6.382874463159e-01,2.203181825402e-03,-3.699394266716e-05,2.240175768069e-03,-1.138584855368e-03
"                 704",6.383134181036e-01,2.218766341229e-03,-4.549778508451e-05,2.264264126314e-03,-1.154880955699e-03
"                 705",6.383557655604e-01,2.219894748129e-03,-4.642133641996e-05,2.266316084549e-03,-1.156368710484e-03
"                 706",6.383940302663e-01,2.231234083526e-03,-5.171135737118e-05,2.282945440897e-03,-1.167328399134e-03
"                 707",6.384329182573e-01,2.234846727298e-03,-5.490657193052e-05,2.289753299229e-03,-1.172329935580e-03
"                 708",6.384644118303e-01,2.248051865335e-03,-6.109885507077e-05,2.309150720406e-03,-1.185124787738e-03
"                 709",6.384981424338e-01,2.245765236479e-03,-6.075454384826e-05,2.306519780327e-03,-1.183637162088e-03
"                 710",6.385192734185e-01,2.252981290315e-03,-6.374321459069e-05,2.316724504906e-03,-1.190233859748e-03
"                 711",6.385423429980e-01,2.245672432869e-03,-6.117158948369e-05,2.306844022353e-03,-1.184007805918e-03
"                 712",6.385524880787e-01,2.246509435947e-03,-6.096604003345e-05,2.307475475981e-03,-1.184220758007e-03
"                 713",6.385631762425e-01,2.233001670436e-03,-5.469523234986e-05,2.287696902785e-03,-1.171196067568e-03
"                 714",6.385690748889e-01,2.224250116061e-03,-4.898747574242e-05,2.273237591803e-03,-1.161112533773e-03
"                 715",6.385690527230e-01,2.212419245858e-03,-4.472915606967e-05,2.257148401928e-03,-1.150938778999e-03
"                 716",6.385673468922e-01,2.204706206052e-03,-3.913361609032e-05,2.243839822143e-03,-1.141486719117e-03
"                 717",6.385697541612e-01,2.190149049001e-03,-3.365425526405e-05,2.223803304265e-03,-1.128728779764e-03
"                 718",6.385769229960e-01,2.188395523681e-03,-3.107920458862e-05,2.219474728270e-03,-1.125276966429e-03
"                 719",6.385909489732e-01,2.181907317817e-03,-3.000662667000e-05,2.211913944487e-03,-1.120960285578e-03
"                 720",6.386121125236e-01,2.186303408412e-03,-3.082743831051e-05,2.217130846722e-03,-1.123979142516e-03
"                 721",6.386406080070e-01,2.183431117712e-03,-3.137657668414e-05,2.214807694396e-03,-1.123092135540e-03
"                 722",6.386744168111e-01,2.192234588242e-03,-3.443330200677e-05,2.226667890249e-03,-1.130550596128e-03
"                 723",6.387106834921e-01,2.194853747262e-03,-3.758443561438e-05,2.232438182876e-03,-1.135011309245e-03
"                 724",6.387443438557e-01,2.209572580501e-03,-4.413686679623e-05,2.253709447297e-03,-1.148923157047e-03
"                 725",6.387834247025e-01,2.211478302821e-03,-4.687068398917e-05,2.258348986810e-03,-1.152609835400e-03
"                 726",6.388163273373e-01,2.223292739069e-03,-5.146095117800e-05,2.274753690247e-03,-1.163107320712e-03
"                 727",6.388491579648e-01,2.218026142526e-03,-4.973653196645e-05,2.267762674492e-03,-1.158749603229e-03
"                 728",6.388634369289e-01,2.230126372015e-03,-5.659789286202e-05,2.286724264877e-03,-1.171661078870e-03
"                 729",6.388861752533e-01,2.222485926922e-03,-5.274844188836e-05,2.275234368810e-03,-1.163991405349e-03
"                 730",6.388974710870e-01,2.220785393807e-03,-5.118447985056e-05,2.271969873657e-03,-1.161577176754e-03
"                 731",6.389070302694e-01,2.209444601571e-03,-4.707067598155e-05,2.256515277553e-03,-1.151792976767e-03
"                 732",6.389075227893e-01,2.205449976244e-03,-4.349167898348e-05,2.248941655227e-03,-1.146216667105e-03
"                 733",6.389092806732e-01,2.191250006933e-03,-3.767342392957e-05,2.228923430862e-03,-1.133298427396e-03
"                 734",6.389046519910e-01,2.185231580048e-03,-3.292233729686e-05,2.218153917345e-03,-1.125538127321e-03
"                 735",6.389051017141e-01,2.169577988664e-03,-2.642958559413e-05,2.196007574258e-03,-1.111218579926e-03
"                 736",6.389070194965e-01,2.170563105546e-03,-2.619295543480e-05,2.196756060981e-03,-1.111474508208e-03
"                 737",6.389284125289e-01,2.160052504831e-03,-2.244616636917e-05,2.182498671200e-03,-1.102472418785e-03
"                 738",6.389449442148e-01,2.166864941798e-03,-2.485707545689e-05,2.191722017255e-03,-1.108289546356e-03
"                 739",6.389746260187e-01,2.159995606005e-03,-2.227543174254e-05,2.182271037748e-03,-1.102273234745e-03
"                 740",6.389969087932e-01,2.174854818586e-03,-3.033258794396e-05,2.205187406530e-03,-1.117759997237e-03
"                 741",6.390374395908e-01,2.175783764293e-03,-3.127257178994e-05,2.207056336082e-03,-1.119164453936e-03
"                 742",6.390692853827e-01,2.190559942416e-03,-3.881118395754e-05,2.229371126373e-03,-1.134091155166e-03
"                 743",6.391055451880e-01,2.193687879652e-03,-4.066161733588e-05,2.234349496988e-03,-1.137505557162e-03
"                 744",6.391361099472e-01,2.202250792741e-03,-4.404564607453e-05,2.246296438816e-03,-1.145171042445e-03
"                 745",6.391640852153e-01,2.204236235365e-03,-4.774329800090e-05,2.251979533366e-03,-1.149861415683e-03
"                 746",6.391918523800e-01,2.206317007188e-03,-4.648961366790e-05,2.252806620856e-03,-1.149648117262e-03
"                 747",6.392080517128e-01,2.198305557419e-03,-4.382391428266e-05,2.242129471701e-03,-1.142976692992e-03
"                 748",6.392113304014e-01,2.203545797245e-03,-4.652456574665e-05,2.250070362992e-03,-1.148297464369e-03
"                 749",6.392259275467e-01,2.189269162774e-03,-3.944379287291e-05,2.228712955647e-03,-1.134078374260e-03
"                 750",6.392255170560e-01,2.183156824067e-03,-3.510149096756e-05,2.218258315034e-03,-1.126679903001e-03
"                 751",6.392208637825e-01,2.171465678043e-03,-3.131832598686e-05,2.202784004030e-03,-1.117051165009e-03
"                 752",6.392169244107e-01,2.164237855536e-03,-2.533059839575e-05,2.189568453932e-03,-1.107449526164e-03
"                 753",6.392189265306e-01,2.147326661962e-03,-1.818110346866e-05,2.165507765431e-03,-1.091844434450e-03
"                 754",6.392203320027e-01,2.147697502377e-03,-1.829469407595e-05,2.165992196453e-03,-1.092143445264e-03
"                 755",6.392361028489e-01,2.139767659760e-03,-1.497262001374e-05,2.154740279773e-03,-1.084856449894e-03
"                 756",6.392490524347e-01,2.146745330756e-03,-1.816903382700e-05,2.164914364583e-03,-1.091541699205e-03
"                 757",6.392778657810e-01,2.143421242436e-03,-1.775684304375e-05,2.161178085479e-03,-1.089467464262e-03
"                 758",6.393025138005e-01,2.156888352696e-03,-2.420568797839e-05,2.181094040674e-03,-1.102649864326e-03
"                 759",6.393399579528e-01,2.159543044483e-03,-2.614100796946e-05,2.185684052453e-03,-1.105912530211e-03
"                 760",6.393734717423e-01,2.170142939972e-03,-3.043979999684e-05,2.200582739969e-03,-1.115511269983e-03
"                 761",6.394065352198e-01,2.176143031976e-03,-3.629198903962e-05,2.212435021015e-03,-1.124363505028e-03
"                 762",6.394437249180e-01,2.183576544337e-03,-3.775916186639e-05,2.221335706204e-03,-1.129547434035e-03
"                 763",6.394692997515e-01,2.182258088722e-03,-3.878284809202e-05,2.221040936814e-03,-1.129911892453e-03
"                 764",6.394841870327e-01,2.193453455874e-03,-4.436023393977e-05,2.237813689814e-03,-1.141086961877e-03
"                 765",6.395050291725e-01,2.186252430536e-03,-4.107833211426e-05,2.227330762651e-03,-1.134204547382e-03
"                 766",6.395155531172e-01,2.183429957818e-03,-3.845880151584e-05,2.221888759334e-03,-1.130173780425e-03
"                 767",6.395172352642e-01,2.176642289384e-03,-3.755440591828e-05,2.214196695302e-03,-1.125875550610e-03
"                 768",6.395159419249e-01,2.172643378384e-03,-3.282769171519e-05,2.205471070099e-03,-1.119149380907e-03
"                 769",6.395172054634e-01,2.154407782219e-03,-2.478551414756e-05,2.179193296367e-03,-1.101989405257e-03
"                 770",6.395080720954e-01,2.150293596599e-03,-2.239184356601e-05,2.172685440165e-03,-1.097538641865e-03
"                 771",6.395104454432e-01,2.132892405766e-03,-1.401118256940e-05,2.146903588335e-03,-1.080457385452e-03
"                 772",6.395095750095e-01,2.130680120219e-03,-1.213317211197e-05,2.142813292331e-03,-1.077473232221e-03
"                 773",6.395224006436e-01,2.124970177011e-03,-1.134137703645e-05,2.136311554047e-03,-1.073826465542e-03
"                 774",6.395394946862e-01,2.128675906154e-03,-1.193688006040e-05,2.140612786215e-03,-1.076274833138e-03
"                 775",6.395566880284e-01,2.129925055119e-03,-1.442948391043e-05,2.144354539029e-03,-1.079392011470e-03
"                 776",6.395804612882e-01,2.142260619731e-03,-1.908583739695e-05,2.161346457128e-03,-1.090216147262e-03
"                 777",6.396194930756e-01,2.141652611010e-03,-2.027771454574e-05,2.161930325556e-03,-1.091104020051e-03
"                 778",6.396502820683e-01,2.156876516600e-03,-2.763097362556e-05,2.184507490226e-03,-1.106069231926e-03
"                 779",6.396886704485e-01,2.156763771450e-03,-2.858740487756e-05,2.185351176328e-03,-1.106969290603e-03
"                 780",6.397090509136e-01,2.173655556973e-03,-3.666315842249e-05,2.210318715396e-03,-1.123490936909e-03
"                 781",6.397391505039e-01,2.172809795810e-03,-3.729573303664e-05,2.210105528847e-03,-1.123700630942e-03
"                 782",6.397576220416e-01,2.180488737353e-03,-4.053951963839e-05,2.221028256991e-03,-1.130783888315e-03
"                 783",6.397766181467e-01,2.173577599298e-03,-3.791697280716e-05,2.211494572105e-03,-1.124705772456e-03
"                 784",6.397797799266e-01,2.177769999580e-03,-3.938018101796e-05,2.217150180598e-03,-1.128265180808e-03
"                 785",6.397901662300e-01,2.165356771380e-03,-3.379471777870e-05,2.199151489158e-03,-1.116473103468e-03
"                 786",6.397869600207e-01,2.162376978964e-03,-3.167146256400e-05,2.194048441528e-03,-1.112859952046e-03
"                 787",6.397850234554e-01,2.147983254140e-03,-2.455612459390e-05,2.172539378734e-03,-1.098547751664e-03
"                 788",6.397739871709e-01,2.141613014820e-03,-2.041385688024e-05,2.162026871701e-03,-1.091220364290e-03
"                 789",6.397765639017e-01,2.125450502386e-03,-1.351556980297e-05,2.138966072189e-03,-1.076240820996e-03
"                 790",6.397776732045e-01,2.123731969632e-03,-1.196566705153e-05,2.135697636684e-03,-1.073831651868e-03
"                 791",6.397917966916e-01,2.115033927881e-03,-8.485752874316e-06,2.123519680756e-03,-1.066002716815e-03
"                 792",6.397994768185e-01,2.122560380938e-03,-1.171993491495e-05,2.134280315853e-03,-1.073000125384e-03
"                 793",6.398246416904e-01,2.119235826487e-03,-1.128027137035e-05,2.130516097858e-03,-1.070898184614e-03
"                 794",6.398492548835e-01,2.130167804221e-03,-1.638322415973e-05,2.146551028381e-03,-1.081467126270e-03
"                 795",6.398844696177e-01,2.132291848640e-03,-1.804787240382e-05,2.150339721044e-03,-1.084193796724e-03
"                 796",6.399127759732e-01,2.144016949632e-03,-2.288357872446e-05,2.166900528357e-03,-1.094892053541e-03
"                 797",6.399441808848e-01,2.149289449380e-03,-2.830871970032e-05,2.177598169080e-03,-1.102953444390e-03
"                 798",6.399752470334e-01,2.158609462504e-03,-3.065287856681e-05,2.189262341070e-03,-1.109957609819e-03
"                 799",6.399995598504e-01,2.156556093213e-03,-3.133849202909e-05,2.187894585242e-03,-1.109616538636e-03
"                 800",6.400109366093e-01,2.167879697342e-03,-3.693306286025e-05,2.204812760202e-03,-1.120872911531e-03
"                 801",6.400319648018e-01,2.159003263121e-03,-3.274391829696e-05,2.191747181418e-03,-1.112245549857e-03
"                 802",6.400389459306e-01,2.156805577811e-03,-3.021294201725e-05,2.187018519829e-03,-1.108615730923e-03
"                 803",6.400387685020e-01,2.149157277464e-03,-2.890823761294e-05,2.178065515077e-03,-1.103486876345e-03
"                 804",6.400338276903e-01,2.145882326046e-03,-2.469756548818e-05,2.170579891534e-03,-1.097638728511e-03
"                 805",6.400301937356e-01,2.130815534461e-03,-1.870575452844e-05,2.149521288990e-03,-1.084113521759e-03
"                 806",6.400221812617e-01,2.125323792011e-03,-1.466749152595e-05,2.139991283537e-03,-1.077329387532e-03
"                 807",6.400184895501e-01,2.111156551060e-03,-8.891249356640e-06,2.120047800416e-03,-1.064469524886e-03
"                 808",6.400138269488e-01,2.112942558680e-03,-8.683795637459e-06,2.121626354318e-03,-1.065155074978e-03
"                 809",6.400265711381e-01,2.106432687092e-03,-6.901913018580e-06,2.113334600111e-03,-1.060118256565e-03
"                 810",6.400394623729e-01,2.112013676514e-03,-8.472313474322e-06,2.120485989988e-03,-1.064479151731e-03
"                 811",6.400574751230e-01,2.112103860068e-03,-1.048823919190e-05,2.122592099260e-03,-1.066540169226e-03
"                 812",6.400821180925e-01,2.122465417958e-03,-1.425504727150e-05,2.136720465230e-03,-1.075487756251e-03
"                 813",6.401126653309e-01,2.128026294633e-03,-1.899267807580e-05,2.147018972709e-03,-1.083005825392e-03
"                 814",6.401467646755e-01,2.137587000245e-03,-2.180650139138e-05,2.159393501637e-03,-1.090600001514e-03
"                 815",6.401712571514e-01,2.144961577543e-03,-2.877499943795e-05,2.173736576981e-03,-1.101255788209e-03
"                 816",6.401963499585e-01,2.156928176683e-03,-3.241524728334e-05,2.189343423967e-03,-1.110879335625e-03
"                 817",6.402174441691e-01,2.159350881444e-03,-3.642798649106e-05,2.195778867935e-03,-1.116103427213e-03
"                 818",6.402339165598e-01,2.166650069048e-03,-3.744255725048e-05,2.204092626299e-03,-1.120767591775e-03
"                 819",6.402432590832e-01,2.161168291067e-03,-3.703737200561e-05,2.198205663073e-03,-1.117621517539e-03
"                 820",6.402472462152e-01,2.162790311361e-03,-3.590913636789e-05,2.198699447728e-03,-1.117304292048e-03
"                 821",6.402511683888e-01,2.151903863461e-03,-3.263449860711e-05,2.184538362068e-03,-1.108586430338e-03
"                 822",6.402499520723e-01,2.146109961479e-03,-2.686256880146e-05,2.172972530281e-03,-1.099917549541e-03
"                 823",6.402425003225e-01,2.129741862820e-03,-2.007782451694e-05,2.149819687337e-03,-1.084948755927e-03
"                 824",6.402254020623e-01,2.127704450653e-03,-1.820998033029e-05,2.145914430983e-03,-1.082062205657e-03
"                 825",6.402277176967e-01,2.108794086767e-03,-9.368148912619e-06,2.118162235679e-03,-1.063765192296e-03
"                 826",6.402235627672e-01,2.106576254893e-03,-7.009684085351e-06,2.113585938979e-03,-1.060297811532e-03
"                 827",6.402290808882e-01,2.101629105689e-03,-6.845712563974e-06,2.108474818253e-03,-1.057660265409e-03
"                 828",6.402395202505e-01,2.107131856030e-03,-7.943273651877e-06,2.115075129682e-03,-1.061509201667e-03
"                 829",6.402593470420e-01,2.105210719813e-03,-9.074238571180e-06,2.114284958384e-03,-1.061679598478e-03
"                 830",6.402833216444e-01,2.115361892877e-03,-1.237754150109e-05,2.127739434378e-03,-1.070058487940e-03
"                 831",6.403098958065e-01,2.121172074910e-03,-1.785674401024e-05,2.139028818920e-03,-1.078442781465e-03
"                 832",6.403386020223e-01,2.135410716368e-03,-2.275912859481e-05,2.158169844963e-03,-1.090464486779e-03
"                 833",6.403715818779e-01,2.136791825781e-03,-2.569641142746e-05,2.162488237208e-03,-1.094092324318e-03
"                 834",6.403987041352e-01,2.149316880931e-03,-3.072190498019e-05,2.180038785912e-03,-1.105380345446e-03
"                 835",6.404247060115e-01,2.148684436920e-03,-3.241610421799e-05,2.181100541138e-03,-1.106758322678e-03
"                 836",6.404400357354e-01,2.157865332676e-03,-3.523202638364e-05,2.193097359059e-03,-1.114164692721e-03
"                 837",6.404540245097e-01,2.154345218494e-03,-3.574073739897e-05,2.190085955893e-03,-1.112913346646e-03
"                 838",6.404615260556e-01,2.155890312783e-03,-3.407193013909e-05,2.189962242922e-03,-1.112017086531e-03
"                 839",6.404634140561e-01,2.145231946596e-03,-3.073863741764e-05,2.175970584013e-03,-1.103354610715e-03
"                 840",6.404557168706e-01,2.143964511547e-03,-2.814610224556e-05,2.172110613793e-03,-1.100128358019e-03
"                 841",6.404532624475e-01,2.128988606687e-03,-2.248241686384e-05,2.151471023551e-03,-1.086976720207e-03
"                 842",6.404462636574e-01,2.121825830989e-03,-1.622195022422e-05,2.138047781213e-03,-1.077134865718e-03
"                 843",6.404410349785e-01,2.105787972973e-03,-1.003037551145e-05,2.115818348484e-03,-1.062924361998e-03
"                 844",6.404339622432e-01,2.107229818372e-03,-9.369475431365e-06,2.116599293804e-03,-1.062984384617e-03
"                 845",6.404453064422e-01,2.099476878387e-03,-7.458206371981e-06,2.106935084759e-03,-1.057196645565e-03
"                 846",6.404601776451e-01,2.102607128877e-03,-7.179949828785e-06,2.109787078706e-03,-1.058483514267e-03
"                 847",6.404728985198e-01,2.104361155944e-03,-1.030945201206e-05,2.114670607957e-03,-1.062490029984e-03
"                 848",6.404929162861e-01,2.116308178394e-03,-1.406031234188e-05,2.130368490736e-03,-1.072214401539e-03
"                 849",6.405243853906e-01,2.118122830646e-03,-1.730502903727e-05,2.135427859683e-03,-1.076366444360e-03
"                 850",6.405553643403e-01,2.130319951153e-03,-2.159834580824e-05,2.151918296962e-03,-1.086758321385e-03
"                 851",6.405822134256e-01,2.134033223822e-03,-2.586703687304e-05,2.159900260695e-03,-1.092883648784e-03
"                 852",6.406054953848e-01,2.146222849115e-03,-2.959271842833e-05,2.175815567544e-03,-1.102704142986e-03
"                 853",6.406303415080e-01,2.142117307262e-03,-2.929621953855e-05,2.171413526801e-03,-1.100354873170e-03
"                 854",6.406424389905e-01,2.151108742811e-03,-3.333391934981e-05,2.184442662161e-03,-1.108888290755e-03
"                 855",6.406553631122e-01,2.143494587178e-03,-3.001833904636e-05,2.173512926224e-03,-1.101765632635e-03
"                 856",6.406536728004e-01,2.145306332205e-03,-2.960103974509e-05,2.174907371950e-03,-1.102254205848e-03
"                 857",6.406567303812e-01,2.134882409072e-03,-2.641456583664e-05,2.161296974909e-03,-1.093855770373e-03
"                 858",6.406531208521e-01,2.129990208618e-03,-2.171278615215e-05,2.151702994770e-03,-1.086707890461e-03
"                 859",6.406432571970e-01,2.117952215338e-03,-1.752013615853e-05,2.135472351497e-03,-1.076496243828e-03
"                 860",6.406301881815e-01,2.113850111503e-03,-1.299561865715e-05,2.126845730160e-03,-1.069920674409e-03
"                 861",6.406270734991e-01,2.097963287851e-03,-6.597242304449e-06,2.104560530155e-03,-1.055578886230e-03
"                 862",6.406243598392e-01,2.099380601934e-03,-6.794767860449e-06,2.106175369795e-03,-1.056485068828e-03
"                 863",6.406404772909e-01,2.089430082973e-03,-2.915770028824e-06,2.092345853002e-03,-1.047630811515e-03
"                 864",6.406441161658e-01,2.100911364190e-03,-8.405101132196e-06,2.109316465322e-03,-1.058860783227e-03
"                 865",6.406673048475e-01,2.098368275858e-03,-7.670683155454e-06,2.106038959013e-03,-1.056854821084e-03
"                 866",6.406868886524e-01,2.108856137012e-03,-1.183875424948e-05,2.120694891262e-03,-1.066266822756e-03
"                 867",6.407125158216e-01,2.116165252766e-03,-1.834523576462e-05,2.134510488531e-03,-1.076427862148e-03
"                 868",6.407435406048e-01,2.127678652342e-03,-2.182129729776e-05,2.149499949639e-03,-1.085660623469e-03
"                 869",6.407763305409e-01,2.127167637363e-03,-2.320772903092e-05,2.150375366394e-03,-1.086791547712e-03
"                 870",6.407935177567e-01,2.143237194664e-03,-3.127655821217e-05,2.174513752876e-03,-1.102895155544e-03
"                 871",6.408173125367e-01,2.141500731621e-03,-3.083296947781e-05,2.172333701099e-03,-1.101583335289e-03
"                 872",6.408272425214e-01,2.146301891435e-03,-3.197998306883e-05,2.178281874504e-03,-1.105130928786e-03
"                 873",6.408317246689e-01,2.145938580270e-03,-3.440140722979e-05,2.180339987499e-03,-1.107370697365e-03
"                 874",6.408385089793e-01,2.144349067634e-03,-3.100261681488e-05,2.175351684449e-03,-1.103177150632e-03
"                 875",6.408399439684e-01,2.130283761043e-03,-2.524942660720e-05,2.155533187650e-03,-1.090391307128e-03
"                 876",6.408224974672e-01,2.132382747438e-03,-2.582725438957e-05,2.158210001828e-03,-1.092018628109e-03
"                 877",6.408197256720e-01,2.114650573641e-03,-1.695720158362e-05,2.131607775225e-03,-1.074282488404e-03
"                 878",6.408070670492e-01,2.103844171536e-03,-9.986048602664e-06,2.113830220139e-03,-1.061908134371e-03
"                 879",6.407912490694e-01,2.094291254800e-03,-7.739768883925e-06,2.102031023684e-03,-1.054885396284e-03
"                 880",6.407855556048e-01,2.090518379683e-03,-3.384098664390e-06,2.093902478348e-03,-1.048643288506e-03
"                 881",6.407934192413e-01,2.079620287548e-03,2.852855602788e-07,2.079335001988e-03,-1.039524858214e-03
"                 882",6.407961205627e-01,2.088324789249e-03,-3.915536017202e-06,2.092240325266e-03,-1.048077930642e-03
"                 883",6.408140319384e-01,2.084484991566e-03,-2.807930802622e-06,2.087292922368e-03,-1.045050426585e-03
"                 884",6.408320842206e-01,2.093681575265e-03,-6.255257020548e-06,2.099936832285e-03,-1.053096044653e-03
"                 885",6.408580117239e-01,2.100529282429e-03,-1.250363049162e-05,2.113032912921e-03,-1.062768271706e-03
"                 886",6.408880866674e-01,2.112216480545e-03,-1.610733124342e-05,2.128323811789e-03,-1.072215571516e-03
"                 887",6.409120672299e-01,2.117953529959e-03,-2.147230789833e-05,2.139425837857e-03,-1.080449072878e-03
"                 888",6.409319821161e-01,2.133448320678e-03,-2.782081675053e-05,2.161269137428e-03,-1.094544977089e-03
"                 889",6.409562581286e-01,2.134776514857e-03,-3.083074183392e-05,2.165607256691e-03,-1.098218999262e-03
"                 890",6.409719127527e-01,2.142776226022e-03,-3.266911785167e-05,2.175445343873e-03,-1.104057230863e-03
"                 891",6.409818518735e-01,2.137483082999e-03,-3.224764015996e-05,2.169730723159e-03,-1.100989181659e-03
"                 892",6.409829936068e-01,2.140371651129e-03,-3.191881262851e-05,2.172290463758e-03,-1.102104638193e-03
"                 893",6.409812848494e-01,2.132135615121e-03,-3.002197089293e-05,2.162157586014e-03,-1.096089778453e-03
"                 894",6.409748640634e-01,2.127927845592e-03,-2.508313839535e-05,2.153010983987e-03,-1.089047061191e-03
"                 895",6.409678110365e-01,2.109556465582e-03,-1.711821250105e-05,2.126674678083e-03,-1.071896445292e-03
"                 896",6.409452173760e-01,2.108808687222e-03,-1.618201262006e-05,2.124990699842e-03,-1.070586356231e-03
"                 897",6.409441225959e-01,2.089518347509e-03,-6.842264955317e-06,2.096360612464e-03,-1.051601438710e-03
"                 898",6.409346329606e-01,2.086595417226e-03,-4.104045016889e-06,2.090699462243e-03,-1.047401753630e-03
"                 899",6.409353018012e-01,2.082285932187e-03,-4.466396969530e-06,2.086752329156e-03,-1.045609363063e-03
"                 900",6.409425323971e-01,2.087416651079e-03,-4.841555977311e-06,2.092258207056e-03,-1.048549881517e-03
"                 901",6.409581157673e-01,2.084843466612e-03,-5.315943832279e-06,2.090159410444e-03,-1.047737677138e-03
"                 902",6.409746689452e-01,2.096715248297e-03,-1.022847540629e-05,2.106943723703e-03,-1.058586099555e-03
"                 903",6.409990442697e-01,2.099298858158e-03,-1.299917095709e-05,2.112298029115e-03,-1.062648600036e-03
"                 904",6.410160876936e-01,2.115271500253e-03,-1.982605031749e-05,2.135097550571e-03,-1.077461800444e-03
"                 905",6.410435506923e-01,2.116361262775e-03,-2.185381224742e-05,2.138215075023e-03,-1.080034443635e-03
"                 906",6.410604021377e-01,2.129035278167e-03,-2.701183143613e-05,2.156047109603e-03,-1.091529470520e-03
"                 907",6.410810757073e-01,2.127285121804e-03,-2.771456599123e-05,2.154999687796e-03,-1.091357126893e-03
"                 908",6.410848241267e-01,2.137893207888e-03,-3.152565937569e-05,2.169418867264e-03,-1.100472263320e-03
"                 909",6.411003466841e-01,2.125349097358e-03,-2.578983893274e-05,2.151138936291e-03,-1.088464387612e-03
"                 910",6.410942480293e-01,2.130546653743e-03,-2.907510515039e-05,2.159621758894e-03,-1.094348432022e-03
"                 911",6.410963450711e-01,2.118633984063e-03,-2.264805466183e-05,2.141282038725e-03,-1.081965046693e-03
"                 912",6.410829489289e-01,2.114812071749e-03,-1.968248722036e-05,2.134494558970e-03,-1.077088523095e-03
"                 913",6.410764665891e-01,2.102441433869e-03,-1.524827734588e-05,2.117689711215e-03,-1.066468994280e-03
"                 914",6.410668865415e-01,2.095883188640e-03,-9.646922848715e-06,2.105530111489e-03,-1.057588517169e-03
"                 915",6.410603842043e-01,2.082039533681e-03,-4.036411566601e-06,2.086075945248e-03,-1.045056178407e-03
"                 916",6.410494454940e-01,2.086294371018e-03,-5.743039367737e-06,2.092037410386e-03,-1.048890224877e-03
"                 917",6.410632081497e-01,2.077438780845e-03,-2.164475097691e-06,2.079603255943e-03,-1.040883865520e-03
"                 918",6.410656160534e-01,2.087603423817e-03,-7.123016368804e-06,2.094726440186e-03,-1.050924728278e-03
"                 919",6.410832263559e-01,2.086166097475e-03,-6.788799083012e-06,2.092954896558e-03,-1.049871847821e-03
"                 920",6.410984800640e-01,2.096847565183e-03,-1.137122734080e-05,2.108218792524e-03,-1.059795009932e-03
"                 921",6.411243500492e-01,2.101861900772e-03,-1.569909750530e-05,2.117560998277e-03,-1.066630047891e-03
"                 922",6.411505696509e-01,2.113526219027e-03,-2.022484871837e-05,2.133751067745e-03,-1.076987958232e-03
"                 923",6.411745625769e-01,2.117881398064e-03,-2.395861885465e-05,2.141840016919e-03,-1.082899317887e-03
"                 924",6.411901767165e-01,2.130236301684e-03,-2.875526431319e-05,2.158991565997e-03,-1.093873415155e-03
"                 925",6.412054378899e-01,2.132525151227e-03,-3.165291815755e-05,2.164178069385e-03,-1.097915493771e-03
"                 926",6.412160276690e-01,2.138994040749e-03,-3.290713610618e-05,2.171901176855e-03,-1.102404156480e-03
"                 927",6.412276204684e-01,2.129081436319e-03,-2.888983690944e-05,2.157971273229e-03,-1.093430555069e-03
"                 928",6.412191103686e-01,2.134590323040e-03,-3.147342590702e-05,2.166063748947e-03,-1.098768587427e-03
"                 929",6.412233096976e-01,2.119439580740e-03,-2.383816921639e-05,2.143277749956e-03,-1.083557959586e-03
"                 930",6.412067694016e-01,2.115880835400e-03,-2.114983684899e-05,2.137030672249e-03,-1.079090254549e-03
"                 931",6.411943130031e-01,2.101565993598e-03,-1.469501567290e-05,2.116261009271e-03,-1.065478012472e-03
"                 932",6.411719146496e-01,2.097419081811e-03,-1.165459582249e-05,2.109073677634e-03,-1.060364136728e-03
"                 933",6.411652169569e-01,2.081483756236e-03,-3.936308935403e-06,2.085420065172e-03,-1.044678187053e-03
"                 934",6.411571284804e-01,2.076696274876e-03,-6.675633734043e-07,2.077363838249e-03,-1.039015700811e-03
"                 935",6.411597623927e-01,2.070787064649e-03,4.887727092630e-07,2.070298291939e-03,-1.034904759615e-03
"                 936",6.411633351792e-01,2.076055231012e-03,-1.037284240520e-06,2.077092515253e-03,-1.039064899747e-03
"                 937",6.411806836325e-01,2.073751560263e-03,-1.384719047975e-06,2.075136279311e-03,-1.038260499179e-03
"                 938",6.411978460998e-01,2.085520861053e-03,-6.211445696226e-06,2.091732306749e-03,-1.048971876223e-03
"                 939",6.412238577629e-01,2.090548425217e-03,-1.045163037741e-05,2.101000055595e-03,-1.055725842986e-03
"                 940",6.412442238888e-01,2.108439630669e-03,-1.813971684151e-05,2.126579347511e-03,-1.072359532176e-03
"                 941",6.412776037854e-01,2.109810400086e-03,-2.020624628579e-05,2.130016646372e-03,-1.075111446329e-03
"                 942",6.412971363802e-01,2.125123476840e-03,-2.757731571148e-05,2.152700792551e-03,-1.090139054131e-03
"                 943",6.413220765491e-01,2.124193208319e-03,-2.826597616193e-05,2.152459184481e-03,-1.090362580321e-03
"                 944",6.413255802882e-01,2.136768879200e-03,-3.366278886511e-05,2.170431668065e-03,-1.102047228465e-03
"                 945",6.413382795722e-01,2.130029203164e-03,-3.133303518374e-05,2.161362238348e-03,-1.096347636766e-03
"                 946",6.413352998292e-01,2.133961224235e-03,-3.252986802694e-05,2.166491092262e-03,-1.099510480145e-03
"                 947",6.413368988691e-01,2.121209626717e-03,-2.683722337460e-05,2.148046850091e-03,-1.087442036733e-03
"                 948",6.413171330201e-01,2.122438578358e-03,-2.641747273578e-05,2.148856051094e-03,-1.087636761915e-03
"                 949",6.413107267222e-01,2.104975162074e-03,-1.807872603685e-05,2.123053888111e-03,-1.070566307074e-03
"                 950",6.412910490948e-01,2.099937988059e-03,-1.462514465557e-05,2.114563132714e-03,-1.064594138685e-03
"                 951",6.412802307412e-01,2.084678211303e-03,-7.631598775974e-06,2.092309810079e-03,-1.049970704428e-03
"                 952",6.412653648556e-01,2.085939812113e-03,-7.323326953260e-06,2.093263139066e-03,-1.050293233010e-03
"                 953",6.412769019586e-01,2.074324939687e-03,-2.206448988401e-06,2.076531388675e-03,-1.039368918832e-03
"                 954",6.412777919420e-01,2.081665799229e-03,-5.831052528560e-06,2.087496851758e-03,-1.046663952143e-03
"                 955",6.412924575768e-01,2.078175281123e-03,-4.687109895524e-06,2.082862391019e-03,-1.043774750457e-03
"                 956",6.413012809205e-01,2.090891590577e-03,-1.043181641342e-05,2.101323406990e-03,-1.055877611702e-03
"                 957",6.413265790260e-01,2.092851560272e-03,-1.249975009659e-05,2.105351310368e-03,-1.058925530232e-03
"                 958",6.413463054548e-01,2.106174916434e-03,-1.824149826015e-05,2.124416414694e-03,-1.071328956477e-03
"                 959",6.413715605778e-01,2.107153240867e-03,-1.978443947321e-05,2.126937680340e-03,-1.073361059907e-03
"                 960",6.413840257695e-01,2.121145081312e-03,-2.634758436363e-05,2.147492665676e-03,-1.086920125020e-03
"                 961",6.414066353096e-01,2.118688132147e-03,-2.620262804986e-05,2.144890760197e-03,-1.085546694123e-03
"                 962",6.414150506605e-01,2.125615668059e-03,-2.872814444130e-05,2.154343812501e-03,-1.091535978471e-03
"                 963",6.414247246122e-01,2.117846274563e-03,-2.548182681100e-05,2.143328101374e-03,-1.084404964092e-03
"                 964",6.414149689352e-01,2.124519252762e-03,-2.882067142816e-05,2.153339924190e-03,-1.091080297809e-03
"                 965",6.414196761292e-01,2.111491407357e-03,-2.272919441200e-05,2.134220601769e-03,-1.078474898090e-03
"                 966",6.414076443452e-01,2.111208552612e-03,-2.172433541706e-05,2.132932888029e-03,-1.077328611723e-03
"                 967",6.414042351964e-01,2.096740209398e-03,-1.496914339476e-05,2.111709352793e-03,-1.063339248094e-03
"                 968",6.413835171816e-01,2.096249220659e-03,-1.368648581971e-05,2.109935706479e-03,-1.061811096149e-03
"                 969",6.413777332015e-01,2.083117597383e-03,-8.240651429097e-06,2.091358248812e-03,-1.049799450120e-03
"                 970",6.413709832628e-01,2.082347483936e-03,-6.614038887364e-06,2.088961522824e-03,-1.047787780855e-03
"                 971",6.413806227508e-01,2.071540054231e-03,-1.997923536102e-06,2.073537977767e-03,-1.037767950652e-03
"                 972",6.413787609955e-01,2.082091033443e-03,-7.738617683890e-06,2.089829651127e-03,-1.048784134406e-03
"                 973",6.413990741134e-01,2.078041900580e-03,-6.023215077557e-06,2.084065115657e-03,-1.045044165367e-03
"                 974",6.414113800807e-01,2.091499171897e-03,-1.278932438064e-05,2.104288496277e-03,-1.058538910329e-03
"                 975",6.414356054807e-01,2.095090241425e-03,-1.462914983763e-05,2.109719391263e-03,-1.062174270550e-03
"                 976",6.414524025767e-01,2.107082040602e-03,-1.972519236133e-05,2.126807232963e-03,-1.073266212662e-03
"                 977",6.414754537240e-01,2.111555009163e-03,-2.424059958113e-05,2.135795608744e-03,-1.080018104163e-03
"                 978",6.414986101509e-01,2.119381560560e-03,-2.600519997047e-05,2.145386760530e-03,-1.085695980250e-03
"                 979",6.415170266552e-01,2.117659077125e-03,-2.638296153325e-05,2.144042038658e-03,-1.085212500096e-03
"                 980",6.415172790404e-01,2.129907828571e-03,-3.245591397900e-05,2.162363742550e-03,-1.097409828265e-03
"                 981",6.415300148597e-01,2.120686599763e-03,-2.787703123070e-05,2.148563630993e-03,-1.088220331112e-03
"                 982",6.415223353864e-01,2.121847544019e-03,-2.757491163193e-05,2.149422455651e-03,-1.088498683642e-03
"                 983",6.415170078263e-01,2.110846245069e-03,-2.319403882060e-05,2.134040283890e-03,-1.078617161355e-03
"                 984",6.414996986024e-01,2.107605431045e-03,-2.022384817734e-05,2.127829279223e-03,-1.074026563700e-03
"                 985",6.414881190691e-01,2.092937631434e-03,-1.344729744061e-05,2.106384928875e-03,-1.059916113158e-03
"                 986",6.414670052284e-01,2.088140151033e-03,-1.004622730847e-05,2.098186378341e-03,-1.054116302825e-03
"                 987",6.414593735543e-01,2.071570238594e-03,-2.256375668614e-06,2.073826614262e-03,-1.038041494965e-03
"                 988",6.414435869991e-01,2.072737454026e-03,-2.606289090601e-06,2.075343743117e-03,-1.038975016104e-03
"                 989",6.414507469219e-01,2.064872012477e-03,9.342531190094e-07,2.063937759358e-03,-1.031501753119e-03
"                 990",6.414581417668e-01,2.065912386666e-03,1.445090432426e-06,2.064467296234e-03,-1.031511102901e-03
"                 991",6.414688923455e-01,2.068425520697e-03,-2.456571205122e-06,2.070882091902e-03,-1.036669331553e-03
"                 992",6.414906522994e-01,2.078321911827e-03,-5.192938192199e-06,2.083514850019e-03,-1.044353894106e-03
"                 993",6.415207585321e-01,2.080551046422e-03,-8.049708037536e-06,2.088600754460e-03,-1.048325231249e-03
"                 994",6.415406990212e-01,2.100183858618e-03,-1.795666084974e-05,2.118140519468e-03,-1.068048590159e-03
"                 995",6.415706006434e-01,2.103127438872e-03,-1.983434371372e-05,2.122961782586e-03,-1.071398063150e-03
"                 996",6.415857955940e-01,2.115227741515e-03,-2.470935937271e-05,2.139937100888e-03,-1.082323230130e-03
"                 997",6.416015960207e-01,2.120109908612e-03,-2.996939766868e-05,2.150079306280e-03,-1.090024351975e-03
"                 998",6.416185645100e-01,2.123749771623e-03,-2.956866861016e-05,2.153318440233e-03,-1.091443554422e-03
"                 999",6.416223454896e-01,2.120415408550e-03,-2.983365390533e-05,2.150249062455e-03,-1.090041358180e-03
"                1000",6.416154504292e-01,2.124745550691e-03,-3.045850025664e-05,2.155204050947e-03,-1.092831275602e-03
